,RGDPCAP,CNDOVY,CDOVY,CSOVY,GPDIOVY,INF,OPHNFB,PRS85006023,PRS85006173,CE16OV,CNP16OV,FFR,AAA,BAA,TB3MS,TB10Y,URATE,DTFPU,DTFP,SPNOM,GDPDEF,NOMCD,NOMCND,NOMCS,NOMGPDI,CPTCD,CPTCND,CPTCS,CPTGPDI,RGDP,COMPNFB,CAPUTIL,PIPC,WILL5000INDFC,CREDITCMR,RCCT,RICT
1947,13513,30.8,8.5,25,14.8,-999,24.656,120.102,112.848,-999,-999,-999,2.5567,3.1333,0.38,-999,-999,-999,-999,15.39,12.566,145,523,423,35.854,311,3603,5380,218.091,2033.061,3.713,-999,1,-999,-999,135.439,56.576
1947.25,13437,31.2,8.7,25.1,14,1.414,25.227,119.588,111.284,-999,-999,-999,2.5367,3.18,0.38,-999,-999,-1.57,-0.32,14.59333333,12.745,148,535,430,34.505,317,3648,5434,201.386,2027.639,3.798,-999,1.019509167,-999,-999,137.604583,54.37036052
1947.5,13362,31.4,8.7,25.3,14,1.65,24.484,119.027,113.056,-999,-999,-999,2.5733,3.1933,0.7367,-999,-999,1.72,-3.62,15.43,12.957,151,544,437,34.911,319,3648,5397,195.461,2023.452,3.911,-999,1.021425696,-999,-999,137.8252156,53.95687967
1947.75,13510,30.7,9,24.7,16.6,2.432,25.511,119.242,111.472,-999,-999,-999,2.7767,3.4367,0.9067,-999,-999,-1.98,3.17,15.25,13.276,162,551,443,43.25,339,3584,5344,233.284,2055.103,4.003,-999,1.006665134,-999,-999,136.5006145,62.75090865
1948,13649,30.6,8.8,24.6,17.7,0.773,25.61,119.403,111.668,57671,102771,-999,2.8467,3.5267,0.99,-999,3.7333,12.1,9.73,14.41,13.379,162,560,448,47.202,336,3581,5380,257.22,2086.017,4.098,83.9243,1.006046449,-999,-999,137.3985376,65.79541296
1948.25,13816,30.5,8.8,24.6,18.4,0.878,25.546,119.013,111.641,58743,102992,-999,2.7667,3.3967,1,-999,3.6667,8.7,8.09,16.12333333,13.497,164,569,458,50.336,337,3602,5442,273.138,2120.45,4.153,83.2488,1.014856232,-999,-999,139.0997921,67.87866835
1948.5,13834,29.9,9,24.5,18.8,1.835,25.58,118.662,111.612,58513,103291,-999,2.83,3.42,1.05,-999,3.7667,1.4,-3.48,16.04,13.747,172,568,465,52.516,341,3565,5448,275.936,2132.598,4.238,82.5096,1.032863291,-999,-999,138.9658404,68.95841987
1948.75,13784,29.8,8.9,24.7,18.3,0.305,25.682,118.23,110.69,58740,103468,-999,2.8233,3.52,1.14,-999,3.8333,2.63,0.49,15.55666667,13.789,169,567,469,51.334,334,3595,5477,262.741,2134.981,4.28,80.4134,1.041633739,-999,-999,140.600923,67.34120556
1949,13537,30,8.9,25.3,15.7,-0.524,25.933,118.127,111.024,58043,103665,-999,2.7067,3.46,1.17,-999,4.6667,-2.2,-6.29,15.01333333,13.717,165,558,470,43.14,327,3593,5488,223.507,2105.562,4.306,76.9048,1.047396725,-999,-999,141.304896,59.82339488
1949.25,13438,30.1,9.7,25.9,13.3,-1.011,26.205,117.66,111.234,57172,103930,-999,2.7067,3.4567,1.17,-999,5.8667,6.22,-0.71,14.54666667,13.579,177,550,471,36.241,354,3588,5493,193.795,2098.38,4.316,73.4775,1.04989739,-999,-999,141.8470798,55.64724965
1949.5,13528,29.4,10,25.8,14.5,-0.517,26.835,117.22,109.132,57584,104219,-999,2.63,3.41,1.0433,-999,6.7,3.52,6.97,15.18,13.509,183,537,470,39.549,369,3542,5458,209.862,2120.044,4.326,73.8471,1.043124732,-999,-999,141.0467839,60.07630118
1949.75,13346,29.9,10.5,26.2,13.8,0.067,26.692,117.367,109.751,57845,104524,-999,2.5967,3.34,1.0767,-999,6.9667,0.55,-3.1,16.18,13.518,189,539,472,37.468,382,3583,5450,199.54,2102.251,4.312,72.4424,1.040707654,-999,-999,142.4557962,59.32105371
1950,13819,29,10.4,25.7,16.6,-0.207,27.617,117.95,108.493,57728,104844,-999,2.5767,3.24,1.1033,-999,6.4,8.37,17.11,17.14666667,13.49,195,540,478,46.749,395,3614,5495,246.911,2184.872,4.423,75.5711,1.04014053,-999,-999,144.2484464,68.7028841
1950.25,14186,28.5,10.2,25.6,18,0.355,27.927,118.244,109.121,59052,105104,-999,2.61,3.2533,1.1533,-999,5.5667,-1.01,8.13,18.34,13.538,197,547,490,52.291,397,3644,5614,273.335,2251.507,4.518,81.1239,1.04839506,-999,-999,146.8496445,73.2393856
1950.5,14670,28.1,12.1,24.9,19,2.148,28.532,118.807,107.704,59575,105269,-999,2.6333,3.2533,1.22,-999,4.6333,-0.08,8.13,18.29666667,13.832,246,570,503,58.641,489,3691,5677,296.831,2338.514,4.607,87.024,1.048561143,-999,-999,149.25926,83.7607593
1950.75,14886,27.1,10.4,24.4,21.4,1.848,28.574,118.935,107.966,59429,104872,-999,2.67,3.2133,1.3367,-999,4.2333,0.66,1.05,19.81666667,14.09,218,568,511,68.441,426,3592,5687,334.548,2383.291,4.722,87.5353,1.050719321,-999,-999,147.9437123,87.00462131
1951,15029,27.3,10.6,24.3,19.2,3.528,28.633,119.093,107.44,60401,104629,-999,2.7,3.1867,1.3667,-999,3.5,-2.83,-2.33,21.61333333,14.596,232,600,532,64.582,438,3643,5819,300.363,2415.66,4.835,88.3349,1.05668586,-999,-999,151.2941942,82.69416027
1951.25,15229,26.5,8.9,24.1,19.6,0.656,28.534,119.06,108.703,59620,104488,-999,2.9,3.4133,1.49,-999,3.1,-2,0.94,21.8,14.692,200,594,538,67.383,374,3576,5835,307.326,2457.517,4.942,87.3992,1.061282773,-999,-999,150.614301,79.95529849
1951.5,15472,26.5,8.6,24,17.6,0.061,29.188,118.401,106.799,59713,104588,-999,2.8867,3.4967,1.6033,-999,3.1667,11.08,7.42,22.76666667,14.701,195,603,545,61.981,365,3634,5881,284.697,2508.166,4.998,84.0852,1.06290179,-999,-999,153.1696235,74.88771003
1951.75,15433,26.8,8.5,24.1,16,1.136,29.256,118.304,107.841,60497,104810,-999,2.9533,3.5567,1.61,-999,3.3667,-1.37,-0.73,23.16,14.869,196,614,552,57.084,362,3659,5868,262.013,2513.69,5.093,83.508,1.058063778,-999,-999,154.2938061,70.41581611
1952,15532,26.3,8.5,24.3,16.1,-0.04,29.381,118.856,108.336,59908,104860,-999,2.9567,3.5433,1.5667,-999,3.0667,-5.14,0.11,23.91666667,14.863,197,608,561,58.132,363,3614,5918,268.85,2540.55,5.147,84.5467,1.058816086,-999,105.228,154.5422865,71.24305977
1952.25,15503,26.7,8.6,24.8,14.7,0.128,29.359,118.191,109.229,60219,105118,-999,2.9333,3.4967,1.6467,-999,2.9667,8.18,2.07,23.95,14.882,198,617,571,53.004,369,3684,5986,248.58,2546.022,5.185,82.8574,1.05447794,-999,107.37,157.5504643,67.47138707
1952.5,15548,26.8,8,24.9,15.5,1.109,29.245,118.396,109.865,60521,105436,-999,2.9467,3.51,1.7833,-999,3.2333,-2.9,0.93,25.01333333,15.048,187,626,583,57.22,345,3733,6038,261.906,2564.401,5.25,84.1963,1.052635897,-999,109.688,159.9795842,69.32486202
1952.75,15985,26.3,8.8,24.6,15.9,0.285,29.825,118.78,109.555,60954,105812,-999,2.9867,3.5267,1.8933,-999,2.8333,-0.21,7.29,25.11,15.091,213,635,593,60.737,403,3770,6096,280.772,2648.621,5.38,89.8075,1.034882595,-999,112.538,162.2915385,76.38809242
1953,16221,25.9,9.1,24.7,15.9,0.033,30.061,118.771,109.763,62010,106744,-999,3.07,3.5367,1.98,-999,2.7,8.88,5.05,26.01,15.096,222,634,602,61.663,415,3779,6133,286.813,2697.855,5.442,91.0258,1.034921468,-999,114.104,163.5823793,78.10001549
1953.25,16287,25.6,8.9,24.9,15.8,0.192,30.156,118.537,110.053,61456,106978,-999,3.3233,3.7633,2.1533,3,2.5667,4.74,1.45,24.5,15.125,220,632,612,62.115,411,3783,6183,288.445,2718.709,5.506,91.2838,1.036617098,-999,115.804,164.9211427,78.08154905
1953.5,16122,25.5,8.8,25.4,15.7,0.416,30.305,117.572,110.343,60906,107253,-999,3.27,3.8633,1.9567,2.92,2.7333,5.42,-2.83,23.98333333,15.188,216,624,621,61.435,407,3731,6191,282.411,2703.411,5.565,89.9562,1.031260257,-999,117.328,164.6472235,77.00249434
1953.75,15803,25.9,8.7,25.8,14.6,0.204,30.191,117.291,111.677,59977,107623,-999,3.1333,3.77,1.4733,2.64,3.7,2.02,-6.02,24.43333333,15.219,210,622,619,56.446,393,3719,6116,262.005,2662.482,5.62,84.7477,1.025310204,-999,117.612,164.1468632,72.35724434
1954,15664,26.2,8.5,26.2,14.4,0.308,30.243,117.077,112.062,60186,107987,-999,2.9567,3.61,1.06,2.44,5.2667,5.07,-0.71,26.01666667,15.266,204,628,626,55.717,379,3739,6147,260.127,2649.755,5.669,80.8032,1.024762108,-999,118.965,165.7115609,70.86792556
1954.25,15617,26.2,8.7,26.7,14.3,0.098,30.459,117.178,111.236,59792,108267,-999,2.8767,3.4767,0.79,2.35,5.8,3.17,2.75,28.44,15.281,208,626,635,55.449,396,3714,6227,259.513,2652.643,5.676,79.6767,1.014810608,-999,120.061,166.9100725,71.75109038
1954.5,15722,26.1,8.5,26.9,15.1,0.124,31.012,116.998,110.267,60282,108546,1.0267,2.8833,3.4867,0.8833,2.35,5.9667,3.92,4.32,30.77,15.3,204,628,644,58.971,396,3744,6306,272.037,2682.601,5.721,79.1232,1.009302411,-999,122.046,169.4068085,74.74135985
1954.75,15951,25.8,8.8,26.7,15.5,0.281,31.376,117.571,109.612,60116,108892,0.9867,2.8867,3.4533,1.02,2.47,5.3333,2.14,6.28,33.53,15.343,214,633,652,62.139,418,3788,6351,283.968,2735.091,5.777,80.8184,1.007497067,-999,123.753,171.84815,78.94423755
1955,16338,25.3,9.3,26.3,16.6,0.481,31.975,118.128,107.769,60964,109254,1.3433,2.96,3.4667,1.2233,2.65,4.7333,-1.84,7.16,36.29666667,15.417,234,636,661,68.702,454,3812,6399,312.337,2813.212,5.816,84.4645,1.006969845,-999,125.32,173.753807,86.8127853
1955.25,16537,25.1,9.6,26.1,17.2,0.414,32.068,118.315,107.943,61781,109680,1.5,3.0333,3.5,1.4833,2.76,4.4,1.18,4.84,38.38,15.481,247,644,665,72.688,477,3866,6419,331.333,2858.988,5.864,87.4043,1.012278363,-999,128.696,175.9628095,91.3647892
1955.5,16684,24.8,9.8,25.9,17.3,0.702,32.199,118.335,108.357,62950,109977,1.94,3.1,3.5567,1.8567,2.95,4.1,1.62,0.28,43.15333333,15.59,256,646,672,74.747,490,3875,6456,336.418,2897.598,5.969,87.483,1.020447959,-999,131.363,177.4645611,93.37802004
1955.75,16703,24.9,9.5,26.2,18,0.977,32.099,118.597,108.663,63684,110296,2.3567,3.1167,3.5967,2.3367,2.91,4.2333,-5.6,-1.93,44.14333333,15.743,249,655,686,78.882,475,3934,6553,344.218,2914.993,6.022,88.5527,1.027157017,-999,136.056,181.0298948,94.98505665
1956,16568,25.1,9,26.4,17.8,1.005,31.704,118.185,110.681,63411,110582,2.4833,3.0967,3.5933,2.3267,2.9,4.0333,2.05,-1.97,45.35666667,15.902,237,661,694,78.303,451,3962,6588,334.39,2903.671,6.116,87.5453,1.038016715,-999,139.053,182.9109196,91.80296944
1956.25,16637,24.9,8.9,26.4,17.2,0.596,31.848,117.727,111.589,63820,110903,2.6933,3.26,3.7233,2.5667,3.08,4.2,6.29,1.71,46.95333333,15.997,237,663,702,77.02,450,3936,6625,331.759,2927.665,6.234,86.4917,1.038456219,-999,142.892,183.5902914,90.20789418
1956.5,16546,24.9,8.8,26.6,17.3,1.242,31.85,117.763,111.881,64079,111222,2.81,3.4233,3.9333,2.5833,3.27,4.1333,-2.13,-1.42,48.03666667,16.197,235,667,712,78.267,440,3921,6663,328.788,2925.035,6.33,84.1539,1.045638844,-999,145.666,184.6368176,89.64132719
1956.75,16733,24.6,9,26.6,16.7,0.413,32.188,117.97,111.875,63910,111526,2.9267,3.6767,4.26,3.0333,3.47,4.1333,2.79,6.68,46.14666667,16.264,245,671,722,77.145,452,3932,6717,325.739,2973.179,6.436,86.3631,1.050521207,-999,148.891,186.6064739,89.33817529
1957,16770,24.5,9.1,26.4,16.5,1.35,32.556,117.567,110.931,64404,111824,2.9333,3.7,4.4633,3.0967,3.4,3.9333,3.74,0.08,44.31,16.485,250,678,728,77.728,458,3939,6713,320.682,2992.219,6.528,86.521,1.050256808,-999,151.795,187.5290955,89.80304667
1957.25,16664,24.6,8.9,26.6,16.5,0.701,32.434,116.787,111.803,64196,112172,3,3.7733,4.53,3.14,3.63,4.1,6.08,-1.51,46.46,16.601,247,682,735,77.907,446,3937,6743,320.357,2985.663,6.595,84.5961,1.052865184,-999,155.677,188.7051212,88.9488338
1957.5,16751,24.8,8.7,26.6,16.5,0.601,32.898,116.506,111.133,64121,112554,3.2333,4.07,4.8267,3.3533,3.93,4.2333,4.44,1.32,46.11,16.701,244,695,743,79.339,441,3974,6762,327.701,3014.919,6.682,83.8886,1.047028066,-999,157.914,190.68027,89.43406969
1957.75,16505,25,8.7,27.4,14.9,0.06,33.003,115.465,111.982,63922,113013,3.2533,3.9967,5.0367,3.31,3.63,4.9333,8.91,-0.4,40.64,16.711,241,690,753,71.045,433,3930,6804,302.503,2983.727,6.773,79.4514,1.044113589,-999,161.012,191.1477202,82.76742611
1958,16016,25.6,8.4,28,14.2,1.077,32.546,115.275,113.17,62731,113337,1.8633,3.6067,4.7233,1.7567,3.04,6.3,1.3,-6.49,41.49666667,16.892,228,693,755,66.73,403,3880,6769,282.096,2906.274,6.775,74.0657,1.033219814,-999,163.198,190.1854961,77.98808454
1958.25,16060,25.6,8.2,28.2,13.8,0.284,33.187,115.413,111.864,62730,113647,0.94,3.58,4.6133,0.9567,2.92,7.3667,1.04,2.77,43.59666667,16.94,222,698,766,65.065,395,3901,6842,276.413,2925.379,6.836,72.406,1.032178929,-999,165.501,192.4611985,76.07449806
1958.5,16360,25.3,8.1,27.9,14.8,0.606,33.807,115.952,111.776,63181,113977,1.3233,3.87,4.69,1.68,3.5,7.3333,-0.32,7.16,47.54666667,17.043,226,705,776,71.999,402,3955,6907,297.627,2993.068,6.994,75.4322,1.031807912,-999,167.587,195.5344843,81.66745059
1958.75,16666,24.8,8.1,27.5,16,0.468,34.378,116.521,109.864,63549,114429,2.1633,4.0933,4.88,2.69,3.8,6.3667,0.39,5.35,52.31333333,17.123,232,708,782,80.001,415,3991,6922,323.004,3063.085,7.022,78.1743,1.031870634,-999,172.145,197.5004349,88.46830029
1959,16908,24.7,8.5,27.4,16.3,0.268,34.402,116.925,110.318,64267,114849,2.57,4.13,4.87,2.7733,3.99,5.8333,-3.69,5.31,55.51666667,17.169,248,716,794,83.166,435,4025,6978,340.604,3121.936,7.09,81.3723,1.032890794,-999,174.49,200.0045379,92.38843114
1959.25,17253,24.3,8.7,27.3,17,0.146,34.81,117.284,109.699,64849,115287,3.0833,4.3533,4.9533,3,4.26,5.1,0.41,4.7,57.50666667,17.194,257,719,809,89.381,450,4043,7055,367.099,3192.38,7.149,84.5589,1.033078937,-999,179.955,202.3625492,97.81904699
1959.5,17146,24.4,8.8,27.9,15.9,0.372,34.741,116.923,110.14,64770,115668,3.5767,4.4733,5.1167,3.54,4.5,5.2667,2.91,-2.32,58.73,17.258,261,722,824,83.606,457,4041,7120,343.391,3194.653,7.191,80.4988,1.027895629,-999,182.517,204.1822985,94.07049167
1959.75,17138,24.5,8.3,28.3,16.3,0.393,34.681,116.643,110.836,65341,116040,3.99,4.57,5.2733,4.23,4.58,5.6,3.87,0.39,57.76333333,17.326,247,726,837,86.524,433,4048,7174,354.567,3203.759,7.261,80.0757,1.022372531,-999,186.895,206.088841,94.46447868
1960,17380,23.9,8.4,27.9,17.8,0.409,35.485,116.385,110.527,64673,116827,3.9333,4.5533,5.31,3.8733,4.49,5.1333,6.3,9.1,56.27666667,17.397,253,723,844,96.476,444,4035,7197,390.21,3275.757,7.415,84.4715,1.020878277,-999,190.16,207.3325505,102.6101883
1960.25,17253,24.3,8.6,28.4,16,0.264,35.005,116.447,112.512,66168,117167,3.6967,4.4533,5.2467,2.9933,4.26,5.2333,-0.39,-7.08,56.07,17.443,257,731,853,87.096,452,4054,7233,353.841,3258.088,7.464,81.318,1.015016814,-999,194.601,209.6160338,96.4888661
1960.5,17223,24.1,8.4,28.4,15.8,0.361,35.106,116.564,112.422,66267,117521,2.9367,4.3133,5.1033,2.36,3.83,5.5333,1.36,-1.2,55.72,17.506,253,726,853,86.377,446,4010,7188,352.942,3274.029,7.509,78.8989,1.00876913,-999,196.291,208.9166539,95.72391882
1960.75,16938,24.5,8.3,29.1,14,0.308,34.678,116.08,113.939,65778,118001,2.2967,4.32,5.0967,2.3067,3.89,6.2667,3.41,-3.64,55.33333333,17.56,246,727,862,75.963,433,3997,7229,313.843,3232.009,7.542,75.8523,1.001853309,-999,200.612,210.0744252,87.42758974
1961,16986,24.4,7.7,29.2,14.4,0.216,35.123,115.848,113.376,65850,118358,2.0033,4.27,5.0633,2.35,3.79,6.8,-0.57,1.76,62.00333333,17.598,231,730,870,78.378,408,4008,7276,321.988,3253.826,7.608,73.8284,0.998845679,-999,202.427,211.7702318,87.48208104
1961.25,17236,24.1,7.8,29.1,15.1,0.244,36.126,115.804,111.551,65993,118767,1.7333,4.2833,5.0167,2.3033,3.79,7,2.95,10.54,65.98333333,17.641,236,732,883,84.108,415,4046,7353,344.549,3309.059,7.715,76.3543,1.001657166,-999,206.401,214.7397257,92.23675959
1961.5,17450,23.7,7.8,28.8,16,0.26,36.625,115.97,110.775,65541,119107,1.6833,4.4367,5.1067,2.3033,3.98,6.7667,1.85,3.69,66.83,17.687,242,731,886,90.917,423,4032,7345,371.335,3372.581,7.772,78.4144,0.999700105,-999,208.976,215.1751798,97.9335763
1961.75,17728,23.4,8,28.8,16,0.327,36.967,116.414,110.496,65900,119214,2.4,4.41,5.1133,2.46,3.97,6.2,-3.01,4.7,70.27333333,17.745,252,736,902,92.931,442,4069,7444,377.479,3438.721,7.828,80.6409,0.997998287,-999,214.707,218.5902047,100.9371002
1962,17983,23.2,8,28.5,16.5,0.517,37.582,116.119,109.919,66493,119476,2.4567,4.41,5.0633,2.7233,4.02,5.6333,3.63,1.7,69.86,17.837,257,743,912,98.074,449,4088,7487,397.831,3500.054,7.953,81.1862,0.993500797,-999,217.283,220.5279453,105.341167
1962.25,18113,23,8.1,28.7,16,0.162,37.52,116.663,110.436,66670,119943,2.6067,4.2967,5.0133,2.7167,3.87,5.5333,-1.07,1.34,62.22333333,17.866,263,745,927,96.706,460,4090,7572,394.694,3531.683,8.007,81.3356,0.990502407,-999,223.17,222.7506426,105.2362349
1962.5,18215,23,8.1,28.8,16.1,0.207,38.009,116.613,109.656,67192,120653,2.8467,4.3367,5.0467,2.84,3.99,5.5667,4.15,3.79,57.83,17.903,265,749,935,98.16,461,4106,7607,401.401,3575.07,8.063,81.5601,0.988896734,-999,226.422,224.5634941,106.5557175
1962.75,18212,23.1,8.4,29.1,15.5,0.195,38.331,116.159,109.829,66947,121236,2.9233,4.2567,4.9567,2.8133,3.9,5.5333,4.93,3.75,59.61666667,17.938,275,754,946,94.968,480,4113,7672,389.657,3586.827,8.136,81.6344,0.98283668,-999,232.766,226.6901988,105.8884392
1963,18354,22.9,8.4,28.9,16,0.439,38.458,116.29,109.969,67351,121824,2.9667,4.1967,4.8933,2.9067,3.89,5.7667,-0.76,1.02,65.55,18.017,279,757,952,99.689,488,4122,7681,410.158,3625.981,8.218,82.3156,0.979709702,-999,235.931,227.804099,110.0421711
1963.25,18534,22.6,8.5,28.8,16.1,0.166,38.848,116.525,109.381,67649,122352,2.9633,4.22,4.8533,2.94,3.96,5.7333,0.89,3.18,69.67,18.047,285,756,962,101.65,497,4122,7738,416.683,3666.669,8.259,83.7831,0.978290491,-999,241.56,229.5095113,112.4070683
1963.5,18823,22.5,8.5,28.8,16.2,0.122,39.675,116.214,108.235,68174,122821,3.33,4.2867,4.8367,3.2933,4.03,5.5,4.97,6.02,70.96666667,18.069,288,766,978,104.612,501,4144,7843,429.512,3747.278,8.344,83.5563,0.972341636,-999,244.673,232.6632318,115.245166
1963.75,18885,22.2,8.5,28.9,16.4,0.81,39.674,116.51,108.815,68213,123360,3.4533,4.3333,4.84,3.4967,4.12,5.5667,-0.21,0.59,73.27333333,18.216,293,763,993,107.189,507,4123,7919,434.727,3771.845,8.439,84.2037,0.971514704,-999,252.154,234.3269724,117.5179464
1964,19233,22.1,8.6,28.8,16.5,0.318,40.029,117.67,107.471,68763,123857,3.4633,4.3767,4.83,3.53,4.18,5.4667,6.27,4.21,77.54666667,18.274,304,778,1010,110.474,525,4181,8020,450.997,3851.366,8.426,84.4956,0.965137713,-999,255.51,238.1725837,121.6724675
1964.25,19401,22.2,8.7,29,16.2,0.24,40.301,117.927,107.6,69218,124386,3.49,4.4067,4.85,3.4767,4.2,5.2,-2.77,1.73,80.3,18.318,310,791,1026,110.518,537,4247,8107,449.373,3893.296,8.52,85.5448,0.96732962,-999,262.379,242.0365346,122.168628
1964.5,19593,22.4,8.9,29,16.3,0.403,40.605,117.676,107.658,69578,124920,3.4567,4.41,4.8233,3.4967,4.19,5,2.98,3.26,82.87666667,18.392,319,806,1041,112.631,553,4314,8185,459.861,3954.121,8.632,86.0569,0.964056501,-999,266.65,245.9146829,124.9789763
1964.75,19593,22.3,8.5,29.3,16.5,0.456,40.242,117.829,109.076,69814,125468,3.5767,4.43,4.81,3.6833,4.17,4.9667,-0.81,-0.69,84.75,18.476,308,808,1056,114.984,534,4307,8269,464.229,3966.335,8.695,86.492,0.965214679,-999,274.195,248.0321849,124.5573532
1965,20021,21.9,9,28.9,17.6,0.502,40.839,118.494,107.556,70439,125985,3.9733,4.42,4.7867,3.89,4.2,4.9,-0.39,6.77,86.56666667,18.569,336,815,1070,126.542,582,4336,8341,508.491,4062.311,8.73,88.866,0.961973068,-999,280.653,250.6658885,136.7156039
1965.25,20240,22,8.9,28.9,17.3,0.446,41.082,118.259,107.489,71025,126499,4.0767,4.4433,4.82,3.8733,4.21,4.6667,1.5,0.42,87.43,18.652,334,829,1088,127.052,581,4366,8444,509.827,4113.629,8.789,89.3981,0.955907514,-999,289.382,253.8401192,136.9807612
1965.5,20582,21.9,8.9,28.7,17.5,0.396,41.819,117.949,106.27,71286,126906,4.0733,4.4967,4.89,3.8667,4.25,4.3667,7.86,5.92,86.92666667,18.726,343,843,1105,131.237,599,4417,8531,527.578,4205.086,8.881,89.9023,0.950425738,-999,294.845,257.4517737,141.3769802
1965.75,20999,22.1,8.9,28.5,17.3,0.676,42.58,118.001,105.545,72062,127294,4.1667,4.6133,4.9667,4.1667,4.47,4.1,2.85,5.5,91.75666667,18.853,354,873,1127,133.752,622,4566,8647,531.072,4301.973,9.012,89.9839,0.951028798,-999,303.783,264.0624461,144.1578196
1966,21464,21.8,9.1,28.1,18.1,0.645,43.175,118.256,105.577,72188,127626,4.5567,4.8133,5.1667,4.61,4.77,3.8667,3.28,6.14,91.63,18.975,369,889,1143,144.2,650,4587,8715,573.502,4406.693,9.168,91.1196,0.939468278,-999,312.599,266.4443781,154.2763986
1966.25,21496,22,8.6,28.4,17.8,0.819,42.913,117.91,106.789,72775,127983,4.9133,5.0033,5.49,4.5867,4.78,3.8333,-1.89,-2.51,88.14666667,19.131,355,903,1163,143.501,623,4619,8787,565.012,4421.747,9.314,91.5667,0.94205127,-999,324.504,269.1823735,150.1903429
1966.5,21583,21.9,8.8,28.4,17.4,0.968,42.979,117.462,107.344,73258,128359,5.41,5.32,5.8667,5.0433,5.14,3.7667,0.52,-1.17,81.43333333,19.317,367,913,1179,143.194,641,4638,8832,560.844,4459.195,9.447,91.2437,0.936030759,-999,330.306,271.2821111,151.5377941
1966.75,21701,21.6,8.7,28.5,17.5,0.845,43.273,116.921,106.82,73729,128730,5.5633,5.3833,6.1367,5.21,5,3.7,3.85,1.09,79.81666667,19.481,368,913,1200,145.855,639,4611,8901,564.131,4495.777,9.575,90.5907,0.936786425,-999,338.204,272.6293578,152.2406555
1967,21847,21.6,8.4,28.6,16.9,0.415,43.637,116.304,106.84,73439,129190,4.8233,5.12,5.88,4.5133,4.58,3.8333,7.82,0.52,87.07666667,19.562,359,921,1217,142.811,625,4651,8961,550.286,4535.591,9.705,88.5845,0.935108346,-999,345.762,275.369388,148.7649601
1967.25,21812,21.6,8.8,28.9,16.2,0.505,43.817,115.556,107.538,74278,129722,3.99,5.2633,5.98,3.66,4.82,3.8333,4.54,1.6,91.66,19.661,375,927,1234,137.495,651,4674,9025,530.378,4538.37,9.863,86.7784,0.934637366,-999,356.547,277.7755166,146.784912
1967.5,21939,21.4,8.6,29,16.5,0.952,43.996,115.447,107.628,74854,130392,3.8933,5.6167,6.33,4.3,5.25,3.8,-1.85,0.2,94.43666667,19.849,375,933,1257,142.835,644,4657,9123,545.93,4581.309,9.996,85.9545,0.933263171,-999,362.381,279.8293829,149.5123295
1967.75,22053,21.3,8.6,28.9,16.7,1.092,44.153,115.394,107.677,75473,130936,4.1733,6.0267,6.7233,4.7533,5.64,3.9,3.74,1.01,94.54,20.067,379,941,1276,147.653,643,4665,9174,557.706,4615.853,10.132,87.3031,0.935724688,-999,370.855,281.7011428,151.8014132
1968,22454,21.2,8.9,28.8,16.7,1.105,45.138,115.001,107.044,75379,131412,4.7867,6.1267,6.83,5.05,5.61,3.7333,5.86,6.2,91.62666667,20.29,404,968,1310,152.288,682,4746,9299,568.887,4709.993,10.404,87.3247,0.933264763,-999,380.004,286.6046765,157.1233245
1968.25,22781,21.1,8.9,28.8,17,1.049,45.571,115.212,106.591,76182,131872,5.98,6.2533,7.0233,5.52,5.74,3.5667,2.56,3.34,98.01333333,20.504,414,987,1343,158.943,695,4794,9422,590.647,4788.688,10.573,87.2744,0.930499408,-999,391.591,290.66159,161.8196755
1968.5,22883,21.3,9.2,29,16.3,0.98,45.556,115.199,107.675,76172,132446,5.9433,6.0767,6.8633,5.1967,5.46,3.5333,-0.89,1.04,99.90333333,20.706,436,1009,1372,155.683,724,4857,9516,574.539,4825.799,10.746,86.6657,0.9265795,-999,399.343,294.7503367,161.5703306
1968.75,22923,21.1,9.1,29.2,16.6,1.405,45.477,114.644,108.505,76778,133120,5.9167,6.2433,7.0267,5.5867,5.77,3.4,-2.06,-1.01,105.233,20.999,436,1017,1400,160.76,718,4845,9595,580.789,4844.779,10.96,87.09,0.931251623,-999,412.654,296.6430048,162.4549641
1969,23231,21,9,29,17.3,1.033,45.826,114.564,107.855,77367,133639,6.5667,6.7,7.3767,6.0933,6.18,3.4,-0.8,-0.46,100.933,21.217,446,1034,1427,172.388,730,4889,9658,614.989,4920.605,11.11,87.6597,0.930242863,-999,422.806,299.5317769,169.9044406
1969.25,23252,21,8.9,29.3,17.1,1.269,45.457,114.401,109.252,77880,134213,8.3267,6.8867,7.5867,6.1967,6.35,3.4333,-2.74,-1.1,101.68,21.488,447,1048,1461,172.721,726,4888,9756,611.366,4935.564,11.289,86.9099,0.926330397,-999,438.519,301.9584347,168.7992017
1969.5,23332,20.9,8.8,29.3,17.2,1.396,45.485,114.162,110.053,78250,134774,8.9833,7.0633,7.9167,7.0233,6.86,3.5667,-0.75,-0.28,94.467,21.79,446,1064,1488,177.564,722,4893,9807,623.778,4968.164,11.491,86.8265,0.920650836,-999,448.466,303.8600678,170.7591123
1969.75,23162,21.1,8.7,29.9,16.5,1.281,45.294,113.714,111.522,78740,135489,8.94,7.4667,8.3733,7.3533,7.3,3.5667,-0.54,-2.93,94.28,22.071,446,1079,1523,171.573,717,4911,9900,593.659,4943.935,11.713,85.1586,0.919069576,-999,460.789,306.9127257,165.299795
1970,23064,21.3,8.5,30.2,16,1.399,45.413,113.225,112.034,78863,136179,8.5733,7.8933,8.7567,7.21,7.37,4.1667,4.23,-2.41,88.707,22.382,439,1100,1556,168.113,705,4941,9982,575.953,4936.594,11.926,81.8225,0.912235499,-999,473.299,309.9437914,161.4016217
1970.25,23033,21.2,8.5,30.4,16,1.384,46.106,112.427,110.478,78413,136928,7.88,8.14,8.9767,6.6767,7.71,4.7667,7.1,1.42,79.2,22.694,445,1107,1583,171.455,711,4923,10012,577.205,4943.6,12.116,80.4238,0.914627217,-999,490.566,310.9828227,161.9565991
1970.5,23159,21.1,8.5,30.6,16,0.816,46.814,111.894,110.033,78498,137717,6.7033,8.22,9.41,6.3267,7.46,5.1667,5.49,4.42,78.74,22.88,448,1118,1615,173.904,711,4941,10091,586.598,4989.159,12.314,79.1145,0.906536651,-999,500.804,313.9840912,163.8885343
1970.75,22841,21.5,8,31.1,15.3,1.311,46.413,111.799,110.492,78594,138529,5.5667,7.9067,9.2767,5.3533,6.85,5.8333,-0.33,-4.34,86.233,23.182,424,1138,1641,166.754,661,4982,10108,555.454,4935.693,12.437,76.3763,0.907539802,-999,511.944,316.4288301,154.5125541
1971,23381,20.7,8.6,30.4,16.7,1.516,47.762,111.821,108.445,78588,139285,3.8567,7.2167,8.53,3.84,6.02,5.9333,4.91,9.32,96.733,23.536,474,1141,1670,189.495,730,4987,10147,620.212,5069.746,12.693,77.5181,0.914506919,1.08,522.498,318.2658461,172.0599586
1971.25,23447,20.6,8.7,30.6,17,1.309,47.923,111.778,108.362,78757,140090,4.5633,7.4733,8.6067,4.25,6.25,5.9,0.22,0.33,101.44,23.846,487,1152,1704,197.329,744,4984,10220,637.811,5097.179,12.879,77.6469,0.914198546,1.14,539.576,320.4638855,176.4275631
1971.5,23557,20.4,8.8,30.7,17.1,1.01,48.35,111.586,107.881,79689,140869,5.4733,7.5567,8.7033,5.01,6.48,6.0333,8.54,3.34,98.547,24.088,497,1156,1739,202.058,762,4958,10285,645.549,5139.128,13.056,77.3965,0.909214061,1.11,551.515,321.9985687,179.5168414
1971.75,23554,20.4,9,31.2,16.6,0.827,47.966,111.985,109.08,80471,141666,4.75,7.3,8.4133,4.23,5.89,5.9333,-5.42,-0.42,96.413,24.288,514,1168,1777,198.411,792,4977,10413,628.165,5151.245,13.146,79.1266,0.905222544,1.11,563.396,325.8930984,178.9597095
1972,23919,20,9,31,17.3,1.536,48.64,112.102,109.106,81573,143263,3.54,7.2333,8.2333,3.4367,6.03,5.7667,1.15,3.36,105.4,24.664,529,1181,1823,212.968,808,4981,10563,669.558,5245.974,13.512,81.7396,0.904992706,1.24,577.25,329.6223345,187.4764704
1972.25,24415,20,9,30.7,17.9,0.61,49.633,112.077,107.752,82083,144033,4.3,7.2767,8.2233,3.77,6.14,5.7,2.74,6.26,108.167,24.815,544,1213,1856,226.798,827,5104,10666,707.589,5365.045,13.669,82.8059,0.905373751,1.28,597.751,335.5430289,196.1953735
1972.5,24576,20.1,9.1,30.9,18,0.935,49.902,111.985,107.927,82543,144761,4.74,7.2067,8.17,4.22,6.29,5.5667,2.63,2.45,109.2,25.048,559,1237,1894,233.09,846,5161,10782,717.638,5415.712,13.851,83.331,0.904631973,1.29,610.924,340.1107299,200.1217616
1972.75,24918,20.1,9.3,30.8,18,1.262,50.313,111.837,108.38,83400,145446,5.1433,7.1367,7.9933,4.8633,6.37,5.3667,3.34,6.42,114.067,25.366,586,1272,1941,239.715,888,5244,10946,722.138,5506.396,14.112,85.7234,0.902908895,1.36,634.365,346.3357093,205.5231023
1973,25477,20,9.5,30.4,18.4,1.156,51.438,111.721,108.158,84452,146230,6.5367,7.22,7.9667,5.7,6.6,4.9333,4.12,5.95,115,25.661,624,1304,1978,254.313,943,5264,11062,764.458,5642.669,14.483,87.6441,0.897347692,1.31,657.375,349.8579941,216.9479535
1973.25,25708,19.8,9.3,30.3,18.9,1.512,51.486,111.671,108.366,85185,146981,7.8167,7.3067,8.0933,6.6033,6.81,4.9333,-2.33,-0.61,107.433,26.052,620,1329,2021,268.196,929,5208,11131,797.044,5704.098,14.684,87.584,0.891201297,1.2,686.38,350.4806552,221.2563769
1973.5,25505,20.2,9.1,30.6,18.4,1.89,50.987,111.675,109.905,85488,147731,10.56,7.5867,8.4667,8.3233,7.21,4.8,-4.25,-4.66,105.067,26.549,616,1366,2065,264.335,919,5220,11177,768.143,5674.1,14.938,87.3574,0.886760662,1.24,707.941,352.5361717,215.4823389
1973.75,25680,20.1,8.7,30.4,19,1.969,50.657,111.349,110.24,86401,148479,9.9967,7.65,8.4367,7.5,6.75,4.7667,1.22,0.38,102.193,27.077,603,1399,2106,280.858,895,5186,11191,795.504,5727.96,15.24,88.1185,0.873972919,1.18,727.577,352.7598424,221.0602479
1974,25415,20.7,8.5,30.7,18,1.884,50.554,110.548,110.508,86819,149225,9.3233,7.8967,8.5433,7.6167,7.05,5.1333,-3.19,-7.88,95.667,27.592,594,1449,2141,268.361,872,5106,11147,750.076,5678.713,15.588,86.5967,0.860625442,1.13,749.162,350.4717804,209.7741152
1974.25,25427,20.7,8.5,30.9,18.1,2.35,50.421,110.229,109.679,86941,150012,11.25,8.3633,9.0633,8.1533,7.54,5.2,2.73,-2.54,90.64,28.248,611,1489,2209,277.391,875,5062,11235,747.082,5692.21,15.996,85.7381,0.860294266,1.02,780.398,351.6208125,210.6696074
1974.5,25117,21,8.7,31.2,17.3,2.858,49.886,109.912,110.718,87051,150753,12.09,8.9867,9.81,8.19,7.96,5.6333,-5.76,-4.74,74.487,29.067,637,1530,2266,271.013,878,5060,11266,708.362,5638.411,16.471,84.7652,0.871990925,0.83,799.778,353.0288015,202.4934922
1974.75,24952,20.6,7.9,31.4,17.6,2.902,50.328,109.175,109.446,86144,151494,9.3467,9.0167,10.57,7.36,7.67,6.6,5.16,-2.33,69.417,29.923,592,1541,2334,281.339,792,4957,11352,712.661,5616.526,16.926,80.5247,0.881293874,0.84,820.316,352.6207921,196.1606096
1975,24601,20.8,8.1,32.1,15.1,2.241,50.727,108.278,108.344,85187,152217,6.3033,8.7067,10.6467,5.75,7.54,8.2667,9.69,0.45,78.813,30.601,613,1563,2404,244.306,808,4956,11435,597.866,5548.156,17.44,73.5688,0.88897339,0.98,829.622,354.8545719,175.6738617
1975.25,24731,20.8,8.3,32.3,14.7,1.486,51.574,108.143,107.222,85355,152976,5.42,8.8733,10.63,5.3933,8.05,8.8667,5.16,5.05,89.073,31.059,634,1599,2467,243.281,821,5054,11544,580.067,5587.8,17.812,71.9389,0.897632892,1.12,842.653,360.5016828,173.8072589
1975.5,25065,20.8,8.6,31.9,15.5,1.765,52.158,108.348,106.22,86279,153848,6.16,8.9133,10.5833,6.33,8.3,8.4667,-2.27,5.63,87.623,31.612,679,1646,2517,265.192,870,5088,11564,625.037,5683.444,18.127,73.8513,0.89007992,1.08,849.067,362.9151986,186.2920902
1975.75,25338,20.4,8.7,32,15.6,1.653,52.208,108.918,106.334,86665,154589,5.4133,8.81,10.58,5.6267,8.06,8.3,-4.16,1.42,89.113,32.139,707,1659,2597,276.236,893,5063,11700,642.484,5759.972,18.422,75.326,0.887556862,1.12,860.265,365.72733,191.5536838
1976,25854,20.1,9,31.9,16.7,1.034,52.977,109.283,105.575,87985,155306,4.8267,8.5567,10.2567,4.9167,7.75,7.7333,0.3,6.49,99.52,32.473,751,1691,2665,304.638,936,5154,11811,704.475,5889.5,18.775,77.3575,0.887427451,1.28,871.651,371.2165223,206.4748186
1976.25,25994,20.1,8.9,31.9,17.4,1.011,53.486,108.521,105.368,88563,156027,5.1967,8.5333,9.8967,5.1567,7.77,7.5667,3.38,1.89,101.633,32.803,762,1713,2712,322.303,938,5222,11864,732.358,5932.711,19.129,78.0885,0.893709155,1.3,892.778,374.9411528,212.2433802
1976.5,26059,20.1,9,32.3,17.4,1.281,53.583,108.322,105.894,89173,156779,5.2833,8.4633,9.62,5.15,7.73,7.7333,-0.7,0.54,104.333,33.226,778,1743,2786,328.307,946,5249,11977,734.91,5965.265,19.53,78.6823,0.891624851,1.34,908.499,378.8346382,213.705936
1976.75,26186,20.1,9.1,32.5,17.4,1.757,53.757,108.087,105.868,89803,157438,4.8733,8.1833,9.2133,4.6733,7.19,7.7667,3.82,0.75,102.6,33.815,801,1780,2866,337.65,959,5290,12109,740.408,6008.504,19.946,79.2971,0.891787274,1.36,931.426,383.5645956,216.6958566
1977,26429,19.9,9.2,32.6,18.1,1.596,54.082,107.943,105.692,90808,158131,4.66,8.0333,9.1067,4.63,7.35,7.5,2.34,1.78,101.8,34.359,838,1807,2952,360.313,993,5274,12229,774.711,6079.494,20.324,80.7015,0.889537007,1.35,958.203,386.3825674,226.0353991
1977.25,26883,19.6,9.2,32.3,18.9,1.393,54.314,108.129,105.678,91959,158929,5.1567,8.0133,8.9967,4.84,7.37,7.1333,-1.6,3.92,99.033,34.841,860,1835,3014,389.703,1014,5261,12245,830.251,6197.686,20.737,82.8484,0.88489694,1.36,990.308,387.2539307,237.1177229
1977.5,27282,19.3,9.1,32.3,19.5,1.224,54.854,107.893,105.291,92702,159674,5.82,7.9467,8.83,5.4967,7.36,6.9,6.01,5.15,98.06,35.27,879,1858,3096,414.134,1026,5272,12341,872.264,6309.514,21.14,83.1455,0.885552687,1.37,1014.242,390.5494161,245.007127
1977.75,27207,19.5,9.3,32.4,19.5,2.149,54.15,107.732,106.626,94105,160377,6.5133,8.1033,8.9433,6.11,7.6,6.6667,-4.14,-3.15,93.947,36.036,907,1915,3167,422.299,1044,5370,12423,850.383,6309.652,21.506,83.2184,0.888727493,1.35,1050.132,396.0057941,246.5761137
1978,27238,19.5,9,33,19.7,1.479,54.185,106.946,108.462,94755,161038,6.7567,8.45,9.1967,6.3933,8.01,6.3333,2.62,-1.57,89.35,36.573,894,1944,3269,434.799,1014,5381,12587,866.957,6329.791,22.076,82.6022,0.889405923,1.31,1080.105,400.4922945,246.2051568
1978.25,28225,19,9.3,32.3,20.1,1.813,55.248,107.93,105.95,96343,161795,7.2833,8.67,9.47,6.4767,8.32,6,0.23,7.75,95.927,37.242,973,2001,3376,470.584,1087,5408,12744,923.266,6574.39,22.454,84.6435,0.886917643,1.47,1120.822,405.4050129,262.2336797
1978.5,28418,19,9,32.3,20.5,1.659,55.25,107.754,105.712,96670,162502,8.1,8.7533,9.5,7.3133,8.49,6.0333,-0.27,-0.34,101.663,37.865,972,2044,3453,492.368,1069,5434,12798,950.166,6640.497,22.883,84.7314,0.887649679,1.59,1148.682,408.4031102,265.8103206
1978.75,28715,18.9,9,32,20.8,2.08,55.598,107.624,105.418,97581,163272,9.5833,9.0267,9.7867,8.57,8.82,5.9,-0.8,0.35,97.14,38.661,994,2099,3532,515.755,1075,5488,12828,972.139,6729.755,23.452,85.7045,0.887996518,1.48,1184.266,411.7120335,271.3597311
1979,28699,19.1,8.8,32.1,20.8,1.772,55.102,107.135,107.696,98480,164027,10.0733,9.2933,10.1567,9.3833,9.11,5.8667,0.17,-0.79,99.347,39.352,996,2162,3610,525.809,1059,5499,12929,973.754,6741.854,24.056,85.2826,0.887824743,1.59,1220.061,415.0779861,270.2494644
1979.25,28659,19.3,8.6,32.3,20.8,2.39,54.95,106.623,107.282,98679,164721,10.18,9.39,10.3933,9.3767,9.11,5.7,4,-4.58,101.177,40.304,988,2225,3718,539.293,1033,5474,12975,972.877,6749.063,24.608,84.3228,0.882448648,1.68,1271.17,416.3809663,268.5341465
1979.5,28778,19.6,8.6,32.3,20.4,2.114,54.891,106.875,107.561,99340,165431,10.9467,9.29,10.3933,9.6733,9.1,5.8667,-5.59,-1.61,106.233,41.165,1024,2317,3809,545.621,1058,5521,12984,956.493,6799.2,25.154,83.5456,0.876754303,1.83,1311.126,419.1983788,268.354501
1979.75,28763,19.8,8.4,32.6,20.1,1.975,54.843,106.815,108.294,99933,166300,13.5767,10.5433,11.8167,11.8433,10.45,5.9667,0.37,-1.5,105.333,41.986,1013,2385,3921,547.875,1028,5533,13052,939.526,6816.203,25.793,82.977,0.871947134,1.88,1343.792,422.2193768,263.2823176
1980,28775,20,8.3,32.7,19.8,2.058,55.103,106.253,108.118,99713,166984,15.0467,12.1433,13.48,13.3533,11.99,6.3,7.83,-0.39,110.3,42.859,1023,2469,4014,554.562,1009,5515,13037,933.101,6837.641,26.519,82.598,0.867574553,1.96,1384.83,422.5944775,260.037961
1980.25,28113,20.2,7.6,33.3,18.5,2.172,54.506,105.46,109.058,98682,167643,12.6867,11.2033,13.3567,9.6167,10.48,7.3333,-3.87,-8.51,108.433,43.8,932,2489,4076,519.294,897,5425,12919,853.76,6696.753,27.239,77.9008,0.866590309,1.93,1406.544,418.7718271,236.1771285
1980.5,27987,20.2,7.9,33.8,17.3,2.275,54.689,105.276,109.642,99077,168297,9.8367,11.5767,13.1667,9.1533,10.95,7.6667,-2.2,0.13,123.267,44.808,988,2528,4218,495.071,934,5396,13029,797.411,6688.794,27.935,75.7419,0.863072088,2.25,1433.518,421.3978661,228.1188082
1980.75,28428,19.8,7.9,33.7,18.4,2.725,55.299,105.657,109.094,99634,168883,15.8533,12.83,14.67,13.6133,12.42,7.4,-1.55,6.05,133.133,46.046,1033,2585,4392,551.472,960,5402,13192,871.733,6813.535,28.677,78.4993,0.858000428,2.49,1474.672,426.0578432,244.5318641
1981,28957,19.6,7.9,32.9,19.8,2.467,56.233,105.759,106.841,100571,169453,16.57,13.1633,15.2467,14.39,12.96,7.4333,4.39,4.29,131.533,47.196,1074,2680,4476,619.381,986,5439,13090,952.418,6947.042,29.398,77.966,0.854720823,2.47,1510.053,425.92247,262.336933
1981.25,28681,19.7,7.6,33.4,19.3,1.858,55.531,105.295,107.87,100298,170042,17.78,13.9833,15.77,14.9067,13.75,7.4,-3.85,-3.31,132.8,48.081,1049,2712,4588,609.843,945,5450,13150,912.945,6895.559,29.906,77.8304,0.858735607,2.57,1568.883,428.4516238,252.5506853
1981.5,28931,19.3,7.7,33.1,20,1.783,56,104.91,107.038,100064,170593,17.5767,14.92,16.4767,15.0533,14.85,7.4,7.56,4.17,125.667,48.946,1094,2732,4677,652.297,971,5448,13116,964.401,6978.135,30.578,77.1412,0.857913076,2.47,1619.47,428.8490632,264.254364
1981.75,28519,19.4,7.2,33.6,19.6,1.856,55.337,105.043,107.983,99645,171166,13.5867,14.6167,16.6833,11.75,14.09,8.2333,-1.97,-7.87,122.167,49.863,1026,2753,4772,643.395,899,5454,13109,930.44,6902.105,31.084,74.6439,0.859101317,2.42,1658.46,430.0199166,252.9372129
1982,27982,19.5,7.5,34.5,18,1.39,54.939,104.164,110.018,99672,171667,14.2267,15.01,17.0333,12.8133,14.29,8.8333,1.35,-5.24,114.2,50.561,1065,2765,4874,588.318,926,5453,13150,842.429,6794.878,31.909,72.3767,0.857455764,2.26,1701.08,431.7260228,237.1655617
1982.25,28073,19.2,7.5,34.6,17.8,1.197,55.053,104.791,109.412,99543,172190,14.5133,14.51,16.78,12.42,13.93,9.4333,-2.43,-0.79,114.133,51.17,1075,2754,4966,593.621,927,5431,13195,841.789,6825.876,32.157,71.5899,0.857807923,2.27,1749.654,432.9888525,237.0228766
1982.5,27900,19.3,7.5,35.3,17.6,1.43,55.158,104.8,109.553,99504,172690,11.0067,13.7533,16.25,9.3167,13.12,9.9,-2.13,-2.47,113.833,51.907,1084,2795,5092,592.954,932,5441,13263,834.075,6799.781,32.663,70.625,0.847424814,2.28,1787.372,435.7949699,236.3690144
1982.75,27859,19.3,7.8,36.1,16.1,1.104,55.66,104.736,108.974,99032,173199,9.2867,11.8767,14.39,7.9067,10.67,10.6667,0.74,0.43,136.733,52.483,1134,2818,5254,549.242,972,5483,13435,769.602,6802.497,33.147,68.9063,0.839091513,2.8,1807.584,441.7276047,227.0315026
1983,28167,18.9,7.7,36.3,16.2,0.805,56.401,105.074,108.253,99179,173656,8.6533,11.8433,13.8333,8.1067,10.56,10.3667,-0.83,2.41,147.667,52.907,1151,2813,5389,565.52,980,5490,13586,796.266,6892.144,33.48,70.2912,0.832637549,3.09,1856.429,446.0621172,232.6712111
1983.25,28750,18.8,8.1,36,17.1,0.674,57.7,105.264,106.457,100633,174125,8.8033,11.57,13.25,8.3967,10.54,10.1333,-0.82,6.06,162.733,53.265,1237,2876,5499,613.783,1050,5543,13743,866.784,7048.982,33.8,72.1901,0.82334634,3.49,1897.392,451.8556263,252.2009962
1983.5,29241,18.6,8.2,36.1,17.7,1.042,58.115,105.982,105.039,102016,174602,9.46,12.3433,13.5267,9.14,11.63,9.3667,-4.73,1.48,165.533,53.823,1289,2934,5665,652.269,1087,5613,13911,921.051,7189.896,33.98,74.6571,0.812789841,3.59,1938.071,458.5951677,266.1189096
1983.75,29774,18.3,8.4,35.8,18.9,0.733,58.396,106.039,105.065,102996,175121,9.43,12.41,13.6067,8.8,11.69,8.5333,0.34,4.71,165.767,54.219,1358,2962,5769,718.496,1138,5668,14022,1010.654,7339.893,34.368,76.7301,0.810662315,3.58,1996.223,463.6249581,288.1322248
1984,30307,18.1,8.5,35.4,20.2,1.059,58.492,106.39,105.683,103967,175824,9.6867,12.2833,13.7433,9.17,11.94,7.8667,3.4,5.25,160.367,54.796,1407,2998,5858,790.872,1179,5672,14057,1108.328,7483.371,34.759,78.7551,0.802339214,3.46,2067.153,465.3967688,310.9280286
1984.25,30777,18,8.5,35.3,20.4,0.838,58.855,106.577,105.117,105591,176284,10.5567,13.2133,14.7,9.7967,13.2,7.4333,2.96,3.4,155.767,55.257,1446,3060,5982,818.894,1204,5784,14139,1144.371,7612.668,35.125,79.511,0.798718741,3.36,2158.859,471.2598786,319.5911219
1984.5,31005,17.7,8.4,35.6,20.5,0.807,59.106,106.209,105.273,105490,176763,11.39,12.99,14.71,10.32,12.87,7.4333,1.97,0.47,160.533,55.705,1445,3062,6114,838.852,1201,5774,14282,1169.136,7686.059,35.64,79.6478,0.794435995,3.49,2226.602,475.3099261,324.2638081
1984.75,31176,17.7,8.5,35.7,20.1,0.669,59.142,106.112,105.471,106223,177306,9.2667,12.35,13.6067,8.8033,11.74,7.3,0.9,-0.34,165.2,56.079,1492,3089,6218,831.741,1237,5805,14404,1153.971,7749.151,35.927,79.4899,0.790643816,3.63,2320.618,480.0053398,324.8619841
1985,31428,17.5,8.7,36.2,19.1,1.144,59.241,106.184,105.29,106989,177667,8.4767,12.2567,13.3933,8.1833,11.58,7.2333,4.44,1.61,177.3,56.724,1548,3124,6419,809.865,1278,5829,14638,1122.331,7824.247,36.386,78.8175,0.783228379,3.96,2373.156,486.797252,321.6290211
1985.25,31649,17.5,8.7,36.4,19.2,0.617,59.441,106.271,105.223,106505,178096,7.9233,11.63,13.02,7.46,10.81,7.3,-0.81,-0.93,184.8,57.075,1567,3161,6532,827.04,1290,5862,14741,1141.447,7893.136,36.734,78.2718,0.777455418,4.19,2443.199,491.0457708,327.1992092
1985.5,32058,17.3,9,36.6,18.7,0.578,60.201,106.051,104.666,107657,178572,7.9,11.03,12.47,7.1067,10.34,7.2,2.7,4.18,188.3,57.406,1660,3185,6689,822.157,1369,5895,14901,1133.665,8013.674,37.278,77.7157,0.771872754,4.33,2487.573,496.8283301,331.4506777
1985.75,32218,17.4,8.6,36.7,19.3,0.577,60.463,105.85,105.982,108216,179112,8.1033,10.5767,11.9767,7.1667,9.76,7.0333,-0.94,0,197,57.738,1603,3231,6777,859.545,1319,5933,14983,1175.45,8073.239,37.984,77.7209,0.769838892,4.53,2571.993,500.9553337,336.4531986
1986,32453,17.3,8.7,36.8,19.1,0.487,61.175,105.613,105.76,108837,179985,7.8267,9.5733,11.0167,6.8967,8.56,7.0333,3.74,2.68,219.967,58.02,1633,3249,6891,863.457,1343,5997,15015,1175.105,8148.603,38.529,78.321,0.765993689,5.13,2634.044,504.4140152,338.5498045
1986.25,32533,16.8,8.9,37.1,18.8,0.399,61.646,105.026,105.997,109576,180503,6.92,9.0033,10.2733,6.14,7.6,7.1667,3.23,0.04,240.6,58.252,1694,3193,6976,855.237,1388,6037,15074,1154.589,8185.303,38.971,78.0915,0.772041388,5.67,2714.433,507.9331325,338.5521576
1986.5,32779,16.7,9.6,37.1,18.1,0.403,61.944,104.732,106.665,110085,180997,6.2067,8.83,10.18,5.5233,7.31,6.9667,0.47,0.7,241.167,58.487,1850,3200,7057,835.832,1502,6035,15162,1123.532,8263.639,39.461,78.3101,0.774548948,5.67,2776.203,511.1875623,340.9254664
1986.75,32870,16.7,9.4,37.4,18,0.556,61.793,104.868,107.913,110728,181547,6.2667,8.6767,10.0933,5.3533,7.26,6.8333,-1.41,-1.18,243.7,58.813,1826,3225,7173,842.063,1475,6069,15292,1126.895,8308.021,39.993,78.9017,0.774976239,5.71,2864.687,516.3437831,339.107457
1987,33036,16.8,8.8,37.6,18.4,0.723,61.49,105.385,108.268,111408,182179,6.22,8.3667,9.66,5.5367,7.19,6.6,-4.17,-1.27,279.3,59.24,1729,3295,7304,871.196,1385,6065,15511,1157.306,8369.93,40.17,79.5066,0.771949039,6.57,2925.983,522.3066395,338.9020862
1987.25,33336,16.8,9.1,37.7,18.1,0.668,61.933,105.238,107.681,112246,182703,6.65,9.1667,10.3567,5.6567,8.34,6.2667,4.28,4.58,293.267,59.637,1811,3349,7430,874.588,1439,6099,15631,1157.909,8460.233,40.47,80.2293,0.767641994,6.87,2987.412,527.0948922,343.7131345
1987.5,33556,16.7,9.4,37.8,17.9,0.723,61.947,105.194,107.913,112909,183161,6.8433,9.7567,10.9067,6.0433,8.88,6,1.51,1.46,319.4,60.07,1894,3376,7552,876.466,1494,6089,15732,1158.077,8533.635,40.885,81.1206,0.763343333,7.45,3039.446,530.4583581,348.3347863
1987.75,34025,16.5,9,37.6,18.8,0.824,62.481,105.389,107.844,113793,183620,6.9167,10.2133,11.38,5.8633,9.12,5.8333,0.34,1.54,255.4,60.567,1846,3392,7690,946.459,1450,6081,15847,1236.986,8680.162,41.365,82.8848,0.761496702,5.97,3109.775,534.247416,361.2858085
1988,34148,16.5,9.2,38.1,17.8,0.783,62.696,104.756,108.604,114037,184111,6.6633,9.5567,10.7533,5.7233,8.42,5.7,5.76,1.71,258.1,61.043,1926,3433,7875,908.569,1516,6135,16031,1177.604,8725.006,42.082,83.16,0.757623383,6.15,3182.47,541.0582184,355.2070911
1988.25,34528,16.4,9.1,38.1,17.9,0.962,62.867,105.035,108.631,114927,184562,7.1567,9.81,10.98,6.21,8.91,5.4667,1.05,0.18,263.133,61.633,1934,3488,8030,934.525,1513,6170,16139,1205.662,8839.641,42.59,83.8932,0.7529936,6.39,3266.513,545.6939225,360.4927329
1988.5,34637,16.4,8.9,38.4,17.8,1.171,63.052,104.866,108.414,115356,184962,7.9833,9.9633,11.0733,7.01,9.1,5.4667,1.75,1.01,266.933,62.359,1917,3549,8236,942.009,1490,6197,16339,1212.36,8891.435,43.118,83.9283,0.74687347,6.55,3322.758,552.5415496,359.8609291
1988.75,35008,16.4,9,38.4,17.8,0.799,63.298,105.252,107.728,116104,185402,8.47,9.51,10.5133,7.7267,8.96,5.3333,-0.02,0.8,274.967,62.859,1977,3603,8384,962.748,1525,6246,16435,1230.861,9009.913,43.441,84.6604,0.745729355,6.74,3407.145,557.5299281,365.8667414
1989,35291,16.3,8.8,38.3,18.2,1.093,63.212,105.413,107.524,117022,185897,9.4433,9.6867,10.6433,8.54,9.21,5.2,-1.2,-0.76,290.7,63.55,1974,3662,8526,1005.487,1515,6262,16514,1272.638,9101.508,43.566,84.7558,0.740485203,7.2,3477.422,560.9571866,374.6658793
1989.25,35488,16.5,8.8,38.2,17.8,1.029,63.449,105.521,106.252,117418,186329,9.7267,9.4867,10.3667,8.41,8.77,5.2333,-1.83,-3.07,313.3,64.207,1997,3756,8634,1001.047,1531,6257,16543,1260.328,9170.977,43.747,83.6789,0.732337358,7.84,3554.778,562.8054706,373.5902189
1989.5,35654,16.4,8.9,38.2,17.4,0.722,63.773,105.706,105.924,117354,186726,9.0833,8.9667,9.8867,7.8433,8.11,5.2333,2.11,-0.11,341.933,64.672,2041,3780,8750,996.46,1562,6302,16605,1249.012,9238.923,44.145,82.4084,0.730655651,8.57,3586.707,567.0972699,373.9502378
1989.75,35633,16.5,8.5,38.6,17.3,0.693,63.795,105.323,106.822,117830,187165,8.6133,8.89,9.8133,7.6533,7.91,5.3667,-0.84,-1.38,345.4,65.122,1980,3830,8900,995.809,1510,6356,16717,1239.747,9257.128,44.778,81.872,0.727714464,8.67,3645.411,572.7812652,368.6805677
1990,35941,16.5,8.7,38.4,17.2,1.098,64.331,105.017,106.975,119203,188630,8.25,9.1933,10.0967,7.76,8.42,5.3,0.82,2.84,336.293,65.841,2070,3913,9032,1010.838,1570,6334,16765,1252.058,9358.289,45.643,82.092,0.720288469,8.44,3705.646,574.6275193,376.0747127
1990.25,35968,16.4,8.3,38.8,17,1.026,64.82,104.562,107.209,118983,189058,8.2433,9.3967,10.31,7.7467,8.68,5.3333,0.68,1.84,349.607,66.52,1996,3928,9227,1014.72,1514,6321,16916,1252.449,9392.251,46.535,82.1256,0.714448181,8.76,3746.177,579.6916889,371.9647452
1990.5,35850,16.6,8.2,39.3,16.6,0.889,65.017,104.28,107.37,118524,189528,8.16,9.4033,10.4167,7.4767,8.7,5.7,0.12,-1.58,335.397,67.114,1970,4003,9378,1000.785,1493,6309,16991,1228.17,9398.499,47.155,81.8666,0.707115562,8.41,3766.515,583.2263005,365.7822837
1990.75,35419,16.9,8,39.6,15.7,0.754,64.448,104.255,108.231,118241,190017,7.7433,9.2933,10.5967,6.99,8.4,6.1333,-0.49,-4.27,317.053,67.622,1912,4051,9417,947.453,1447,6224,16891,1159.464,9312.937,47.522,80.0739,0.698995054,7.88,3775.909,580.4911605,348.4653915
1991,35145,16.7,7.8,39.7,15.3,0.992,64.616,103.964,107.724,117652,190381,6.4267,8.9333,10.2033,6.0233,8.02,6.6,1.75,-1.93,353.343,68.296,1870,4020,9465,924.569,1403,6207,16826,1120.884,9269.367,47.795,77.9442,0.701774801,8.96,3761.829,580.2675481,337.6649024
1991.25,35305,16.6,7.7,39.8,15.1,0.683,65.663,103.818,107.404,117639,190800,5.8633,8.91,9.92,5.56,8.13,6.8333,2.41,3.32,378.653,68.764,1878,4038,9602,926.541,1405,6224,16939,1120.88,9341.642,48.715,78.0248,0.698843902,9.8,3768.15,585.3341024,338.4322441
1991.5,35348,16.5,7.8,39.9,15.2,0.732,66.134,103.953,107.072,117928,191302,5.6433,8.7867,9.6833,5.3767,7.94,6.8667,-0.78,1.23,385.61,69.269,1907,4034,9704,947.476,1422,6212,16952,1143.073,9388.845,49.297,79.1267,0.695464284,10.07,3730.464,587.4062174,344.8563895
1991.75,35381,16.3,7.6,40.1,15.6,0.538,66.52,103.915,107.497,117466,191798,4.8167,8.4467,9.4,4.54,7.35,7.1,-0.78,0.22,387.103,69.643,1874,4005,9818,978.788,1394,6138,16995,1183.605,9421.565,49.954,79.1063,0.688960618,10.3,3688.6,588.3897251,351.2313765
1992,35694,16.3,7.8,40.5,15,0.428,67.817,103.854,107.985,118144,192204,4.0233,8.28,9.2033,3.8933,7.3,7.3667,10.07,9.46,412,69.942,1941,4060,10042,956.817,1444,6211,17223,1161.74,9534.346,51.246,78.741,0.683027778,11.19,3701.594,597.7653638,350.9683462
1992.25,35968,16.1,7.7,40.4,15.6,0.636,68.388,104.104,107.579,118419,192663,3.77,8.2767,9.13,3.68,7.38,7.6,-1.34,1.94,410.163,70.388,1954,4084,10168,1013.084,1450,6216,17299,1227.44,9637.732,51.72,79.7422,0.679559425,11.04,3700.512,601.8018015,364.9479063
1992.5,36184,16.1,7.8,40.6,15.5,0.475,69.009,104.038,107.395,118720,193229,3.2567,7.98,8.7033,3.0833,6.62,7.6333,0.49,0.57,417.153,70.723,1990,4122,10311,1024.162,1475,6230,17418,1237.197,9732.979,52.322,79.9442,0.67596523,11.25,3688.612,607.3740532,369.607065
1992.75,36420,16,7.8,40.7,15.8,0.674,69.444,104.213,106.751,118997,193784,3.0367,8.0233,8.87,3.07,6.74,7.3667,-0.64,0.87,423.66,71.201,2025,4161,10490,1057.962,1499,6271,17551,1274.945,9834.51,52.605,80.0059,0.672631641,11.63,3680.51,613.9440742,379.3120127
1993,36381,16,7.8,40.9,16.1,0.567,68.897,104.281,105.909,119542,194248,3.04,7.7333,8.4033,2.96,6.28,7.1333,-7.22,-5.1,442.363,71.606,2038,4166,10587,1083.829,1509,6259,17566,1305.003,9850.973,52.215,80.4322,0.669256439,12.36,3712.753,615.8060855,385.9549062
1993.25,36486,15.9,8,41,16,0.606,68.501,104.663,106.751,120290,194719,3,7.4067,8.14,2.9667,5.99,7.0667,-2.01,0.22,445.463,72.041,2108,4181,10716,1094.479,1554,6290,17601,1312.511,9908.347,52.588,80.3308,0.667458151,12.5,3754.278,619.4211879,391.6306584
1993.5,36539,15.8,8.1,41.4,15.9,0.601,68.638,104.743,106.022,120554,195259,3.06,6.8933,7.6233,3.0033,5.62,6.8,-3.69,-2.17,453.553,72.475,2135,4191,10886,1095.852,1566,6330,17745,1303.597,9955.641,52.624,80.1153,0.666734663,12.94,3776.218,626.3150057,392.8018976
1993.75,36909,15.7,8.2,41.1,16.4,0.52,68.991,104.91,105.876,121464,195794,2.99,6.8433,7.5533,3.06,5.61,6.6333,3.87,4.83,464.247,72.853,2194,4226,10987,1153.142,1598,6354,17803,1372.097,10091.049,53.009,81.029,0.665533494,13.36,3805.532,630.4506512,408.9252344
1994,37171,15.7,8.3,41.1,16.8,0.483,69.241,104.767,104.512,121930,196213,3.2133,7.16,7.8467,3.2433,6.07,6.5667,-3.68,-2.11,469.46,73.206,2245,4259,11117,1201.675,1632,6422,17901,1424.36,10188.954,52.71,81.4349,0.66614777,13.63,3880.249,636.5353598,421.9957058
1994.25,37569,15.5,8.2,40.9,17.4,0.497,69.239,105.492,104.815,122634,196693,3.94,7.9467,8.5967,3.9867,7.08,6.2,-0.83,1.13,450.987,73.571,2276,4289,11240,1264.948,1644,6454,17976,1494.411,10327.019,53.133,82.5797,0.665038423,13.11,3931.362,641.2103998,437.5537216
1994.5,37669,15.6,8.3,41,17,0.54,68.869,105.475,104.718,123687,197248,4.4867,8.1733,8.84,4.4767,7.33,6,-0.48,-1.6,460.867,73.969,2309,4357,11346,1251.749,1656,6488,18037,1469.999,10387.382,53.125,82.9695,0.6634224,13.43,3968.009,645.8312631,434.8713843
1994.75,37980,15.6,8.5,40.8,17.5,0.549,69.682,105.308,103.876,124721,197765,5.1667,8.57,9.2067,5.28,7.84,5.6333,3.13,4.37,460.003,74.376,2387,4394,11455,1307.566,1709,6537,18089,1530.476,10506.372,53.54,84.1071,0.662264708,13.47,4017.336,650.5008849,451.6406251
1995,38008,15.5,8.2,41,17.6,0.572,69.686,104.861,104.043,124955,198007,5.81,8.28,8.8767,5.7367,7.48,5.4667,1.02,-1.65,480.107,74.803,2341,4397,11584,1327.586,1670,6543,18165,1546.548,10543.644,53.858,84.0503,0.662675729,14.1,4096.855,654.3973296,451.2950842
1995.25,38033,15.5,8.2,41.4,17.1,0.439,70.025,104.298,103.911,124522,198453,6.02,7.66,8.2333,5.5967,6.62,5.6667,4.13,-0.28,523.69,75.132,2356,4422,11760,1303.988,1682,6557,18294,1514.426,10575.1,54.299,83.2002,0.659540464,15.39,4176.987,660.0001249,446.2067263
1995.5,38235,15.4,8.3,41.4,16.9,0.474,70.016,104.863,104.161,125133,199005,5.7967,7.4333,8.0533,5.3667,6.32,5.6667,0.61,1.32,565.083,75.489,2407,4433,11882,1303.248,1724,6559,18368,1505.399,10665.06,54.592,82.7625,0.65668212,16.88,4210.259,664.1450191,449.2747353
1995.75,38389,15.3,8.4,41.5,17.1,0.492,70.458,104.823,104.093,125088,199508,5.72,6.9867,7.64,5.26,5.89,5.5667,1.06,0.64,597.673,75.861,2435,4449,11992,1335.135,1748,6572,18414,1542.785,10737.478,55.044,82.4722,0.6522613,17.82,4269.861,667.7633254,459.4981368
1996,38544,15.3,8.4,41.6,17.2,0.54,70.833,104.271,104.373,125862,199921,5.3633,7.05,7.71,4.93,5.91,5.5333,6.27,2.17,637.01,76.272,2458,4511,12141,1355.353,1763,6599,18550,1567.56,10817.896,55.647,81.6054,0.647406085,18.99,4329.84,673.758203,466.4747171
1996.25,39106,15.4,8.4,41.3,17.6,0.379,71.563,104.609,103.836,126602,200459,5.2433,7.61,8.2967,5.02,6.72,5.5,-2.76,3.51,658.967,76.562,2512,4604,12273,1418.388,1814,6664,18604,1642.882,10998.322,56.155,82.2412,0.639627754,20.03,4407.085,678.9212154,486.5080091
1996.5,39340,15.3,8.3,41.3,18.1,0.282,71.839,104.802,103.875,127536,201061,5.3067,7.59,8.2933,5.0967,6.78,5.2667,-0.02,1.52,660.543,76.778,2515,4614,12396,1474.35,1821,6690,18644,1717.51,11096.976,56.593,82.4418,0.637018202,19.91,4455.172,682.9289242,499.6145303
1996.75,39629,15.3,8.3,41.2,17.9,0.507,71.929,104.988,103.85,127860,201636,5.28,7.23,7.9167,4.9767,6.34,5.3333,1.87,1.25,726.793,77.168,2545,4680,12527,1480.128,1850,6723,18689,1715.245,11212.205,56.918,82.293,0.630332845,21.78,4489.965,687.2055465,504.3493659
1997,39825,15.2,8.4,41.3,18.1,0.619,71.881,105.089,104.53,128891,202513,5.2767,7.4267,8.07,5.06,6.56,5.2333,-1.92,-0.53,785.59,77.647,2597,4715,12685,1522.404,1895,6745,18805,1749.879,11284.587,57.564,82.7505,0.626036515,23.39,4576.814,692.7800366,518.4877167
1997.25,40311,14.9,8.1,41.2,18.6,0.27,72.822,104.991,103.677,129412,203000,5.5233,7.5733,8.1867,5.0467,6.7,5,2.68,3.39,824.437,77.857,2556,4689,12833,1590.218,1884,6729,18893,1856.956,11472.137,58.093,82.6805,0.62154975,24.31,4670.885,696.6755918,533.687993
1997.5,40689,14.9,8.3,41.2,18.7,0.356,73.439,105.082,103.57,130019,203570,5.5333,7.17,7.7567,5.0467,6.24,4.8667,4.79,3.75,929.85,78.135,2644,4745,13018,1625.251,1961,6814,19055,1882.955,11615.636,58.68,83.1349,0.618028713,27.82,4775.723,705.7556259,548.8742136
1997.75,40877,14.9,8.4,41.4,18.7,0.332,73.745,104.925,104.737,130679,204098,5.5067,6.8767,7.4367,5.09,5.91,4.6667,-0.93,1.18,950.817,78.395,2688,4769,13195,1644.529,2005,6840,19204,1911.048,11715.393,59.746,83.6215,0.613608287,28.78,4869.213,712.7549777,558.2444514
1998,41176,14.7,8.3,41.6,19.3,0.163,74.151,105.04,105.891,130814,204547,5.52,6.6667,7.2533,5.0533,5.59,4.6333,1.66,1.68,1021.31,78.523,2683,4752,13373,1712.324,2016,6872,19376,1994.375,11832.486,60.749,83.0191,0.6095256,30.78,5023.277,720.1587755,577.4054336
1998.25,41461,14.7,8.6,41.9,18.8,0.209,74.617,104.856,106.52,131244,205085,5.5,6.6367,7.2533,4.9767,5.6,4.4,4.98,1.51,1109.67,78.687,2790,4787,13578,1695.773,2112,6936,19573,1982.058,11942.032,61.512,81.6833,0.605210671,33.28,5197.165,729.3317683,583.1924394
1998.5,41873,14.6,8.6,41.9,19,0.373,75.667,104.532,106.463,131986,205699,5.5333,6.49,7.1267,4.8233,5.2,4.5333,4.37,3.8,1083.947,78.981,2839,4826,13765,1741.623,2165,6965,19745,2033.015,12091.614,62.521,80.7756,0.600489449,31.93,5308.389,737.1349449,599.6098495
1998.75,42432,14.5,8.8,41.6,19.2,0.312,76.296,105.283,106.208,132602,206270,4.86,6.3333,7.25,4.2533,4.67,4.4333,-1.39,0.47,1122.317,79.228,2975,4885,13871,1796.964,2286,7039,19795,2095.76,12287,62.874,80.9665,0.59677809,32.62,5440.42,742.7795416,623.4911625
1999,42663,14.7,8.7,41.5,19.6,0.499,77.126,104.933,106.609,132947,207036,4.7333,6.42,7.4033,4.4067,4.98,4.3,5.5,4.36,1259.003,79.624,2948,4980,14015,1853.063,2286,7151,19907,2153.308,12403.293,63.989,80.7399,0.593071919,36.85,5618.534,750.8630457,636.7646945
1999.25,42897,14.8,8.9,41.6,19.3,0.335,77.365,104.854,106.378,133378,207632,4.7467,6.9333,7.74,4.4533,5.54,4.2667,-0.92,-1.4,1329.793,79.891,3065,5086,14173,1848.341,2388,7199,20041,2154.652,12498.694,64.241,80.5049,0.588140194,39.05,5734.805,757.9616393,644.7140896
1999.5,43299,14.8,9,41.7,19.5,0.361,78.042,104.936,106.051,133707,208265,5.0933,7.3267,8.1,4.65,5.88,4.2333,0.74,1.11,1342.217,80.18,3114,5148,14362,1893.735,2438,7209,20197,2213.773,12662.385,64.817,80.0952,0.582685154,39.43,5925.82,765.0101767,661.0336945
1999.75,43919,14.9,8.8,41.6,19.6,0.457,79.302,104.886,106.083,134523,208832,5.3067,7.4867,8.24,5.0433,6.14,4.0667,6.12,4.34,1373.23,80.547,3123,5284,14614,1953.097,2460,7334,20403,2273.095,12877.593,66.119,80.7395,0.578316337,40.97,6040.719,776.5654459,676.2650291
2000,43935,14.9,9.2,42.2,19.4,0.762,78.916,104.733,109.676,136701,211772,5.6767,7.7133,8.33,5.52,6.48,4.0333,-0.35,1.1,1418.89,81.163,3274,5305,14932,1950.65,2590,7252,20668,2257.109,12924.179,68.456,80.6264,0.573812979,44.35,6216.114,783.6382222,684.5344139
2000.25,44654,14.9,8.8,41.8,20.2,0.565,80.486,104.596,107.238,136940,212466,6.2733,7.7667,8.5933,5.7133,6.18,3.9333,3.74,3.43,1447.267,81.623,3198,5444,15143,2075.786,2536,7377,20869,2390.733,13160.842,68.622,80.5989,0.571728898,43.66,6399.771,794.7819012,708.5070864
2000.5,44586,15,8.8,42.3,19.8,0.646,80.448,104.473,108.716,136893,213163,6.52,7.6067,8.32,6.0167,5.89,4,0.55,-1.65,1475.503,82.152,3224,5508,15370,2059.969,2572,7406,21009,2367.274,13178.419,69.957,79.5705,0.567680838,45.05,6489.989,801.7117276,706.3289439
2000.75,44721,15.1,8.7,42.5,19.7,0.535,81.257,104.107,107.794,137614,213736,6.4733,7.4033,8.2133,6.0167,5.57,3.9,4.36,1.14,1366.37,82.593,3230,5564,15585,2067.227,2583,7457,21132,2371.809,13260.506,70.344,78.201,0.564051207,41.31,6590.989,808.7947789,708.7678014
2001,44492,15,8.8,43,18.7,0.626,80.929,103.641,110.236,137783,214305,5.5933,7.0767,7.88,4.8167,5.05,4.2333,0.7,-1.83,1275.743,83.112,3261,5533,15792,1971.333,2620,7396,21186,2264.202,13222.69,71.947,76.185,0.558596085,38.39,6649.654,810.4799226,689.374553
2001.25,44623,14.9,8.6,42.9,18.5,0.704,82.302,103.217,108.138,136873,214950,4.3267,7.2233,8.0367,3.66,5.27,4.4,3.77,1.64,1232.973,83.699,3228,5584,15891,1973.033,2611,7413,21182,2267.433,13299.984,72.225,74.4879,0.554748146,37.36,6768.039,812.7793814,688.2926792
2001.5,44366,15,8.7,43.1,18.2,0.327,82.732,102.875,107.65,136846,215665,3.4967,7.1067,7.95,3.17,4.98,4.8333,0.96,-1.84,1142.53,83.973,3235,5572,15930,1944.909,2634,7428,21156,2218.37,13244.784,72.325,72.8618,0.553690037,35.15,6825.595,814.5830462,682.8007989
2001.75,44376,14.8,9.3,43.4,17.2,0.302,83.782,102.622,107.009,136047,216315,2.1333,6.9233,7.9233,1.9067,4.77,5.5,4.39,1.05,1117.067,84.227,3478,5525,16056,1850.091,2847,7472,21175,2108.5,13280.859,72.99,71.7785,0.552515696,34.03,6884.773,818.4226058,677.8104687
2002,44687,14.6,9,43.3,17.6,0.32,85.677,102.662,105.346,136177,216823,1.7333,6.6233,7.9567,1.72,5.08,5.7,5.59,6.72,1131.557,84.497,3402,5526,16199,1912.659,2809,7487,21251,2170.707,13397.002,73.324,72.1479,0.549245115,35.07,6930.792,822.7941886,689.6856235
2002.25,44834,14.7,9,43.5,17.6,0.372,85.724,103.107,105.64,136415,217407,1.75,6.7133,8.0233,1.7133,5.1,5.8333,-1.63,-0.14,1068.4,84.812,3399,5597,16396,1933.282,2821,7475,21340,2206.375,13478.152,73.957,73.013,0.542037707,33.68,6966.4,826.8810856,697.3484904
2002.5,44938,14.6,9.1,43.6,17.5,0.445,86.382,102.884,105.033,137302,218107,1.74,6.35,7.6267,1.6433,4.26,5.7333,1.79,1,894.65,85.19,3475,5608,16554,1933.197,2898,7469,21381,2203.109,13538.072,74.333,73.4907,0.537424529,28.3,6990.309,829.9702257,704.6149271
2002.75,44857,14.8,8.9,44,17.4,0.54,86.249,102.837,105.092,136426,218741,1.4433,6.28,7.6,1.3333,4.01,5.8667,-0.79,0.12,887.913,85.651,3412,5681,16746,1942.531,2865,7540,21472,2201.749,13559.032,74.529,73.4052,0.53482937,28.08,7042.7,836.632505,702.0133454
2003,44996,15,8.7,44,17.5,0.615,87.129,102.382,104.274,137434,220317,1.25,6.0033,7.12,1.1567,3.92,5.8667,0.82,2,859.833,86.179,3365,5811,16914,1960.221,2861,7585,21517,2218.685,13634.253,74.985,73.7928,0.528390123,27.46,7060.031,840.9833077,704.8374992
2003.25,45312,14.7,8.9,44,17.3,0.32,88.291,102.41,104.543,137790,221014,1.2467,5.31,6.4733,1.04,3.62,6.1333,5.37,4.38,937.997,86.455,3472,5754,17105,1972.386,2985,7629,21588,2233.997,13751.543,76.288,73.4162,0.525137366,30.22,7083.737,846.1627002,718.766624
2003.5,45957,14.8,9,43.7,17.6,0.553,90.213,102.272,103.484,137609,221779,1.0167,5.6967,6.8067,0.93,4.23,6.1333,4.48,4.76,1000.503,86.934,3580,5927,17309,2044.304,3109,7750,21694,2315.399,13985.073,77.436,73.9238,0.518886939,32.81,7118.087,854.7828989,746.6801888
2003.75,46384,14.7,8.9,43.6,18,0.473,91.101,102.433,103.751,138411,222509,0.9967,5.6567,6.6633,0.9167,4.29,5.8333,-1.85,2.25,1056.423,87.346,3590,5972,17494,2131.311,3146,7776,21763,2393.402,14145.645,78.511,74.8054,0.51608027,35.07,7124.264,859.5851984,768.0129487
2004,46560,14.8,8.9,43.7,18,0.869,91.078,102.651,102.843,138453,222550,1.0033,5.4567,6.2733,0.9167,4.02,5.7,-0.02,1.78,1133.287,88.108,3642,6088,17741,2154.052,3195,7821,21886,2398.151,14221.147,78.36,75.374,0.514144071,37.85,7262.606,866.1362933,773.0498751
2004.25,46799,14.8,8.8,43.6,18.5,0.867,91.933,102.158,103.192,139174,223196,1.01,5.9267,6.6633,1.0767,4.6,5.6,3.57,2.54,1122.967,88.875,3640,6156,17974,2262.607,3196,7835,22008,2493.945,14329.523,79.874,76.0588,0.513537709,37.64,7334.726,872.0235542,794.1166015
2004.5,47107,14.8,8.8,43.7,18.7,0.614,92.264,102.259,103.915,139487,223941,1.4333,5.6433,6.45,1.4867,4.3,5.4333,2.87,3.04,1104.15,89.422,3696,6220,18232,2318.272,3271,7872,22161,2532.635,14464.984,81.294,76.7912,0.511684804,37.05,7442.77,879.7495493,809.2317565
2004.75,47396,14.9,8.8,43.7,19,0.699,92.563,102.25,103.144,140125,224640,1.95,5.4867,6.1867,2.0067,4.17,5.4333,2.34,-0.09,1161.787,90.049,3761,6379,18486,2390.082,3324,7932,22316,2585.477,14609.876,81.654,77.6668,0.510385802,39.56,7565.814,888.2545172,825.6834949
2005,47800,14.8,8.7,43.4,19.3,0.922,93.578,101.981,101.866,140654,225236,2.47,5.32,5.9667,2.5367,4.3,5.3,1.2,1.96,1191.98,90.883,3763,6414,18718,2486.068,3333,7990,22377,2658.163,14771.602,82.233,78.6049,0.510095835,40.86,7688.013,893.5831832,843.7170588
2005.25,47947,14.8,8.8,43.7,19,0.724,93.485,102.215,101.748,141714,225911,2.9433,5.1467,5.9733,2.8633,4.16,5.1,0.28,0.02,1181.653,91.543,3850,6494,18993,2476.474,3414,8036,22541,2622.793,14839.782,82.706,78.6312,0.50965804,40.79,7850.128,901.689795,842.7467102
2005.5,48228,15,8.7,43.6,19.1,0.931,94.18,102.072,101.203,142401,226693,3.46,5.0933,5.98,3.36,4.21,4.9667,0.95,2.69,1224.143,92.399,3887,6702,19273,2531.076,3472,8045,22704,2657.458,14972.054,83.735,78.0147,0.505329705,42.92,7985.963,909.1232721,854.5254204
2005.75,48381,15.1,8.3,43.8,19.7,0.756,94.221,102.289,101.016,142752,227425,3.98,5.38,6.3367,3.8267,4.49,4.9667,-1.86,1.43,1230.467,93.1,3752,6799,19558,2645.263,3360,8137,22777,2743.846,15066.597,84.271,78.787,0.504317907,43.39,8172.087,916.2873835,866.1044395
2006,48856,14.9,8.4,43.5,19.8,0.783,94.779,102.354,101.884,143741,227975,4.4567,5.39,6.3067,4.3933,4.57,4.7333,2.98,3.96,1283.04,93.832,3876,6861,19795,2709.74,3486,8203,22864,2784.583,15267.026,85.973,79.1392,0.503653021,45.81,8353.066,922.8267785,885.524843
2006.25,48891,15,8.3,43.7,19.5,0.801,94.694,102.314,101.144,144353,228671,4.9067,5.8933,6.7367,4.7033,5.07,4.6333,-3.37,-1.56,1281.783,94.587,3851,6960,20054,2709.252,3479,8201,22973,2766.628,15302.705,86.001,78.9373,0.500174784,46.03,8577.438,928.1318285,881.674544
2006.5,48809,15.2,8.3,43.9,19.3,0.695,94.291,102.61,101.174,144815,229420,5.2467,5.68,6.5933,4.9067,4.9,4.6333,-2.7,-2.03,1288.377,95.247,3879,7062,20254,2709.42,3520,8227,23019,2755.954,15326.368,86.137,78.7347,0.497078474,46.05,8721.59,932.6852822,881.916922
2006.75,49065,14.9,8.3,44,18.8,0.349,94.987,102.571,102.143,145970,230108,5.2467,5.3867,6.28,4.9033,4.63,4.4333,1.56,1.17,1389.48,95.58,3899,6977,20488,2675.406,3561,8320,23129,2702.487,15456.928,87.658,78.5443,0.499172667,50,8988.933,941.1124265,873.3917163
2007,48987,15,8.2,44.2,18.5,1.117,95.072,102.334,103.601,146320,231034,5.2567,5.3633,6.2967,4.9833,4.68,4.5,-1.63,-1.88,1425.303,96.654,3922,7083,20762,2664.295,3601,8330,23189,2683.893,15493.328,89.802,78.7415,0.494374548,51.86,9213.369,945.31572,871.3587246
2007.25,49251,15,8.2,44,18.5,0.557,95.652,102.446,102.317,146063,231713,5.25,5.5767,6.4933,4.7367,4.85,4.5,-1.95,-0.06,1496.323,97.194,3935,7190,20887,2699.217,3630,8293,23174,2713.495,15582.085,89.764,79.2527,0.488827855,54.68,9530.615,945.9296186,881.9227706
2007.5,49455,15,8.2,44.1,18.2,0.346,96.8,102.24,101.328,146244,232461,5.0733,5.7533,6.63,4.3033,4.73,4.6667,0.76,-1.2,1490.817,97.531,3946,7244,21101,2685.969,3665,8298,23237,2686.106,15666.738,90.103,78.9155,0.484173699,54.48,9829.255,950.4179117,882.2008013
2007.75,49506,15.2,8.1,44.2,17.8,0.435,97.213,102.008,101.707,146273,233156,4.4967,5.53,6.51,3.39,4.26,4.8,1.58,-0.4,1494.09,97.956,3948,7372,21298,2642.56,3683,8270,23255,2653.056,15761.967,91.105,78.7888,0.477584852,55.05,10114.825,952.5541292,874.7875441
2008,49060,15.4,7.9,44.8,17.2,0.57,96.269,101.933,103.329,146086,232995,3.1767,5.4567,6.75,2.0433,3.66,5,-4.54,-4.43,1350.19,98.516,3801,7423,21509,2563.701,3556,8188,23313,2583.253,15671.383,91.995,78.1635,0.47276148,49.87,10310.797,953.9617285,847.4212863
2008.25,49196,15.7,7.7,44.8,16.8,0.485,97.23,101.875,101.949,145737,233627,2.0867,5.6,6.99,1.6267,3.89,5.3333,1.13,0.55,1371.647,98.995,3741,7581,21730,2540.595,3523,8183,23337,2536.403,15752.308,92.09,76.6424,0.466257129,51.19,10524.914,956.6280122,839.6354719
2008.5,48841,15.8,7.4,45,16.4,0.683,97.491,101.584,101.809,145076,234360,1.94,5.6533,7.2067,1.4933,3.86,6,1.64,-1.48,1251.917,99.673,3594,7649,21820,2498.242,3396,8044,23269,2485.549,15667.032,92.905,74.0531,0.461688377,47.26,10655.172,952.656911,818.5529552
2008.75,47697,14.9,7,45.9,15.4,0.142,96.859,101.006,103.528,143369,235035,0.5067,5.8167,8.84,0.2967,3.25,6.8667,0.22,-6.56,909.8,99.815,3298,7091,21799,2307.915,3139,7948,23244,2246.441,15328.027,93.885,69.9152,0.473956692,34.04,10679.853,951.2764142,747.2426988
2009,46941,14.8,7,46.1,13.7,0.247,97.588,100.335,99.852,140707,235086,0.1833,5.2733,8.2133,0.2133,2.74,8.2667,4.64,-2.73,809.313,100.062,3280,6908,21670,2014.878,3138,7929,23115,1986.845,15155.94,91.432,65.4911,0.473363761,30.63,10601.306,948.6540992,685.4220334
2009.25,46781,14.9,7,46.2,12.7,-0.167,99.481,99.887,100.792,140009,235655,0.18,5.5133,7.9833,0.1733,3.31,9.3,8.23,3.48,892.227,99.895,3241,6973,21592,1863.65,3109,7866,22999,1872.287,15134.117,93.709,63.9697,0.465455924,34.44,10523.601,945.1251222,656.341705
2009.5,46826,15.3,7.3,46.2,12.4,-0.022,100.902,99.617,100.047,138818,236322,0.1567,5.2667,6.66,0.1567,3.52,9.6333,0.65,4.65,996.7,99.873,3365,7131,21676,1841.416,3252,7873,22989,1868.013,15189.222,94.281,65.5115,0.456140441,38.82,10371.584,947.189559,668.1331536
2009.75,47170,15.3,7.1,46,13.2,0.296,102.112,100.158,99.328,138013,236924,0.12,5.2,6.3267,0.0567,3.46,9.9333,1.76,5.56,1088.703,100.169,3290,7211,21798,1998.71,3168,7880,22944,2040.736,15356.058,94.825,66.95,0.451873854,42.61,10164.94,948.2108106,700.5968726
2010,47280,15.4,7.1,45.9,13.6,0.352,102.655,100.418,97.741,138751,237159,0.1333,5.2933,6.2867,0.1067,3.72,9.8333,-3.86,0.25,1121.597,100.522,3306,7268,21930,2038.161,3201,7906,22984,2087.171,15415.145,94.199,68.4034,0.447727534,44.59,10133.089,952.1113007,714.7678318
2010.25,47649,15.2,7.2,45.8,14.1,0.443,103.019,100.993,98.13,139141,237690,0.1933,5.0433,6.1767,0.1467,3.49,9.6333,-2.16,2.73,1135.247,100.968,3373,7262,22104,2148.795,3295,7934,23062,2196.706,15557.277,95.252,70.49,0.445432229,45.58,10043.514,957.1590119,748.0788931
2010.5,47875,15.2,7.1,45.6,14.4,0.456,103.522,101.459,97.713,139396,238322,0.1867,4.58,5.7767,0.1567,2.79,9.4667,1.85,3.5,1096.387,101.429,3394,7297,22269,2236.495,3341,7948,23171,2294.672,15671.967,95.652,71.5947,0.44328509,44.22,10094.461,962.8933109,772.1615544
2010.75,48079,15.5,7.2,45.5,14.2,0.511,103.957,101.551,97.293,139301,238889,0.1867,4.8567,5.9133,0.1367,2.86,9.5,-1.67,0.47,1204,101.949,3471,7468,22373,2238.44,3427,7991,23196,2287.362,15750.625,96.123,72.1432,0.44066716,49.27,10019.917,966.9160922,777.7816081
2011,47813,15.9,7.3,45.9,13.9,0.44,103.087,101.259,99.637,139639,239000,0.1567,5.13,6.09,0.1267,3.46,9.0333,-1.28,-1.57,1302.743,102.399,3495,7650,22543,2205.962,3451,8004,23247,2244.241,15712.754,97.834,72.929,0.437196496,53.65,10061.325,970.5294646,770.9455277
2011.25,48080,16,7.2,45.7,14.3,0.726,103.425,101.575,98.082,139384,239489,0.0933,5.0367,5.85,0.0467,3.21,9.0667,-1.23,0.68,1319.037,103.145,3473,7799,22766,2297.352,3421,7974,23326,2336.057,15825.096,97.261,73.0112,0.434286199,54.56,10130.557,973.7174047,787.9704461
2011.5,48085,16,7.2,45.8,14.3,0.602,103.242,101.647,98.271,140183,240071,0.0833,4.4633,5.4633,0.0233,2.43,9,0.15,-0.89,1228.127,103.768,3492,7801,22976,2322.84,3445,7931,23412,2343.786,15820.7,97.919,73.7557,0.43214859,50.69,10227.936,976.9822204,795.2119552
2011.75,48531,15.8,7.3,45.5,15.2,0.143,103.951,101.819,96.011,140902,240584,0.0733,3.9267,5.2533,0.0133,2.05,8.6333,2.5,3.67,1225.653,103.917,3554,7824,23004,2504.095,3520,7913,23346,2524.429,16004.107,96.624,74.2597,0.430208357,50.67,10337.258,976.3254754,842.6654601
2012,48772,15.9,7.4,45.3,15.4,0.527,104.107,102.018,97.669,142036,242604,0.1033,3.8967,5.2,0.0667,2.04,8.2667,2.93,3.57,1347.437,104.466,3630,7944,23264,2567.75,3600,7958,23442,2577.157,16129.418,98.904,74.9369,0.427810978,56.25,10404.084,982.3144717,861.5401803
2012.25,48918,15.7,7.3,45.2,15.7,0.456,104.702,101.755,97.112,142391,243155,0.1533,3.8,5.0933,0.0867,1.82,8.2,-0.02,-1.08,1350.393,104.943,3610,7906,23400,2636.863,3601,7936,23457,2636.495,16198.807,99.436,74.7592,0.426978044,56.28,10482.488,983.7246745,875.3178015
2012.5,48881,15.7,7.4,45.2,15.6,0.537,104.503,101.737,96.87,143044,243772,0.1433,3.4567,4.8733,0.1033,1.64,8.0333,-0.65,-0.59,1402.217,105.508,3628,7914,23462,2644.119,3641,7924,23417,2648.459,16220.667,99.499,74.2723,0.425851395,58.52,10629.612,984.0505457,877.8096482
2012.75,48796,15.8,7.4,45.3,15.5,0.404,104.059,101.776,99.655,143330,244350,0.16,3.54,4.5733,0.0867,1.71,7.8,-0.91,-0.02,1418.207,105.935,3691,7963,23635,2638.282,3716,7909,23446,2624.905,16239.138,102.147,74.2282,0.423047417,59.66,10791.169,986.4072036,881.4623609
2013,49064,15.7,7.5,45.1,15.9,0.39,104.304,101.832,96.87,143316,244995,0.1433,3.8767,4.81,0.0867,1.95,7.7333,-0.8,0,1514.513,106.349,3765,8053,23726,2738.236,3806,8002,23394,2722.778,16382.964,100.681,74.5326,0.420709273,64.63,10854.536,989.1802903,911.4807735
2013.25,49080,15.5,7.5,45.2,16.1,0.208,104.147,101.646,98.134,143999,245552,0.1167,3.9633,4.8367,0.05,2,7.5333,0.28,0.1,1609.77,106.57,3748,7949,23843,2775.276,3817,7981,23374,2753.237,16403.18,101.436,74.3521,0.42004325,68.97,11007.499,989.4570872,919.214936
2013.5,49361,15.5,7.4,45,16.4,0.481,104.57,101.658,97.441,144418,246168,0.0833,4.5067,5.4033,0.0333,2.71,7.2333,1.77,0.75,1675.313,107.084,3752,8020,23986,2879.995,3842,8017,23388,2859.751,16531.685,101.171,74.2357,0.418037591,72.64,11175.7,992.9633341,943.9492678
2013.75,49742,15.4,7.4,45,16.5,0.514,105.634,101.622,96.427,144778,246745,0.0867,4.5933,5.3567,0.0633,2.75,6.9333,3.08,2.39,1770.45,107.636,3762,8076,24303,2910.546,3875,8072,23533,2870.127,16663.649,101.886,74.5034,0.416580998,77.27,11283.577,1001.256305,950.6208007
2014,49544,15.5,7.4,45.4,16.3,0.414,104.782,101.616,98.576,145673,247258,0.0733,4.44,5.1167,0.0467,2.76,6.6667,-2.51,-3.46,1834.307,108.083,3781,8129,24480,2901.633,3926,8078,23553,2841.133,16621.696,104.174,74.3432,0.415092288,80.96,11407.273,1003.822317,947.9040768
2014.25,50019,15.4,7.5,45.2,16.7,0.562,105.435,101.893,96.888,146267,247814,0.0933,4.2167,4.82,0.0333,2.62,6.2333,2.36,4.91,1900.373,108.692,3891,8227,24781,3028.788,4062,8137,23687,2952.841,16830.111,103.392,75.1757,0.412854062,83.51,11547.475,1011.62545,985.0646253
2014.5,50554,15.3,7.4,45.1,17,0.454,106.53,102.003,96.102,146752,248446,0.09,4.1167,4.74,0.0267,2.5,6.1,3.01,2.74,1975.953,109.187,3935,8269,25135,3098.992,4127,8183,23896,3007.338,17033.572,103.949,75.5852,0.412560063,87,11699.687,1021.890262,1001.954256
2014.75,50703,15.2,7.5,45.5,16.9,0.145,105.977,102.163,97.745,147597,249027,0.1,3.8767,4.74,0.0233,2.28,5.7,-0.17,0.81,2012.037,109.345,3972,8221,25459,3126.313,4199,8254,24098,3005.057,17113.945,105.012,75.8399,0.412942661,88.33,11926.252,1032.683383,1010.843633
2015,51025,14.7,7.5,45.7,17.3,-0.017,106.762,102.032,97.907,148175,250080,0.11,3.57,4.5,0.0267,1.97,5.5667,2.84,1.24,2063.457,109.326,3999,8044,25704,3216.78,4260,8308,24243,3096.866,17254.744,106.373,75.474,0.413766009,91.51,12174.415,1040.729393,1036.258707
2015.25,51284,14.7,7.6,45.6,17.1,0.538,107.112,101.825,97.987,148806,250663,0.1233,3.8967,4.8333,0.02,2.17,5.4,2.5,1.04,2102.03,109.916,4076,8145,25965,3225.947,4349,8348,24367,3112.431,17397.029,107.341,75.402,0.411026409,93.87,-999,1047.738013,1045.569172
2015.5,51389,14.8,7.6,45.8,17.1,0.336,107.429,101.687,97.661,148810,251325,0.1367,4.0867,5.2433,0.04,2.22,5.1,-0.5,-0.93,2026.14,110.286,4096,8207,26192,3229.621,4394,8412,24450,3102.676,17438.802,107.885,75.4895,0.408972047,90.63,-999,1054.520692,1049.516036
2015.75,51347,14.6,7.6,46.1,16.8,0.206,106.697,101.777,99.35,150135,251936,0.16,3.9933,5.42,0.1233,2.19,5,-2.51,-2.3,2053.17,110.513,4094,8132,26391,3175.536,4417,8439,24536,3056.879,17456.225,107.646,74.8844,0.407755262,91.11,-999,1060.270171,1040.435399
2016,51338,14.5,7.5,46.5,16.5,0.062,106.415,101.636,98.477,151229,252768,0.36,3.9267,5.3067,0.2867,1.92,4.9333,-0.08,-0.69,1948.323,110.582,4101,8081,26625,3142.104,4445,8499,24615,3042.889,17523.374,107.728,74.6518,0.405564114,86.05,-999,1066.360927,1038.078608
2016.25,51538,14.6,7.6,46.6,16.3,0.601,106.668,101.581,98.884,151164,253397,0.3733,3.59,4.6667,0.2567,1.75,4.8667,-1.16,-2.14,2074.993,111.249,4133,8209,26958,3152.169,4509,8567,24744,3035.19,17622.486,107.92,73.9666,0.402974273,92.54,-999,1074.411441,1042.332914
2016.5,51791,14.5,7.6,46.8,16.3,0.34,107.305,101.553,98.565,151815,254091,0.3967,3.3367,4.2567,0.2967,1.56,4.9333,3.99,3.8,2159.18,111.628,4191,8199,27260,3157.692,4613,8548,24840,3032.239,17706.705,108.485,73.9511,0.399935554,97.38,-999,1079.148566,1050.334313
2016.75,51916,14.6,7.6,46.9,16.5,0.502,107.618,101.249,96.577,152233,254742,0.45,3.81,4.64,0.43,2.13,4.7333,0.33,0.01,2184.88,112.19,4217,8257,27544,3227.585,4683,8544,24945,3091.661,17784.185,109.764,74.2109,0.397693595,99.38,-999,1084.649045,1068.252892
2017,51993,14.6,7.6,47,16.4,0.494,107.683,101.255,97.49,153064,254414,0.7,3.96,4.66,0.59,2.44,4.6667,1.08,0,2323.95,112.746,4231,8350,27756,3278.613,4697,8570,25013,3128.628,17863.023,111.032,74.6288,0.396158337,106.46,-999,1089.439093,1079.716295
2017.25,52300,14.5,7.6,47.1,16.5,0.251,108.142,101.6,97.057,153250,254957,0.95,3.8,4.4967,0.89,2.26,4.3333,0.59,1.36,2396.217,113.029,4279,8364,27994,3337.89,4788,8641,25076,3172.063,17995.15,111.405,75.1911,0.395388972,109.99,-999,1095.411494,1096.29949
2017.5,52605,14.5,7.6,46.8,16.7,0.516,108.849,101.479,96.797,154324,255562,1.1533,3.6533,4.3333,1.0367,2.24,4.3,2.92,2.35,2467.72,113.614,4325,8443,28176,3413.909,4869,8673,25113,3239.776,18120.843,112.81,74.8751,0.394010234,113.48,-999,1099.749627,1116.18311
2017.75,52879,14.6,7.7,46.8,16.7,0.58,108.943,101.551,96.721,154021,256109,1.2033,3.56,4.27,1.2067,2.37,4.1,-1.94,-1.14,2604.983,114.275,4422,8581,28535,3441.447,5006,8742,25226,3246.036,18223.758,113.361,75.8209,0.39100869,120.35,-999,1107.710725,1129.838994